,Number of large transactions,prices
2020-05-11 19:00:00,6,8753.04
2020-05-11 20:00:00,64,8637.99
2020-05-11 21:00:00,75,8595.53
2020-05-11 22:00:00,78,8604.23
2020-05-11 23:00:00,61,8572.4
2020-05-12 00:00:00,44,8616.8
2020-05-12 01:00:00,34,8621.05
2020-05-12 02:00:00,43,8644.11
2020-05-12 03:00:00,37,8718.79
2020-05-12 04:00:00,47,8704.94
2020-05-12 05:00:00,24,8735.18
2020-05-12 06:00:00,13,8702.71
2020-05-12 07:00:00,54,8658.35
2020-05-12 08:00:00,49,8748.79
2020-05-12 09:00:00,46,8789.84
2020-05-12 10:00:00,38,8784.93
2020-05-12 11:00:00,31,8803.81
2020-05-12 12:00:00,54,8776.23
2020-05-12 13:00:00,59,8741.01
2020-05-12 14:00:00,29,8889.49
2020-05-12 15:00:00,60,8874.84
2020-05-12 16:00:00,73,8932.45
2020-05-12 17:00:00,13,8883.45
2020-05-12 18:00:00,41,8905.12
2020-05-12 19:00:00,36,8797.39
2020-05-12 20:00:00,74,8824.49
2020-05-12 21:00:00,44,8784.39
2020-05-12 22:00:00,79,8820.58
2020-05-12 23:00:00,27,8821.42
2020-05-13 00:00:00,23,8941.18
2020-05-13 01:00:00,51,8953.95
2020-05-13 02:00:00,48,8942.74
2020-05-13 03:00:00,21,8916.47
2020-05-13 04:00:00,24,8935.54
2020-05-13 05:00:00,66,8886.26
2020-05-13 06:00:00,38,8919.49
2020-05-13 07:00:00,43,8872.74
2020-05-13 08:00:00,47,8914.86
2020-05-13 09:00:00,56,8921.24
2020-05-13 10:00:00,69,8958.01
2020-05-13 11:00:00,45,9039.91
2020-05-13 12:00:00,83,9095.2
2020-05-13 13:00:00,50,9088.0
2020-05-13 14:00:00,62,9092.94
2020-05-13 15:00:00,61,9146.25
2020-05-13 16:00:00,35,9122.77
2020-05-13 17:00:00,67,9093.65
2020-05-13 18:00:00,68,9089.27
2020-05-13 19:00:00,34,9165.0
2020-05-13 20:00:00,40,9303.15
2020-05-13 21:00:00,43,9363.35
2020-05-13 22:00:00,34,9329.55
2020-05-13 23:00:00,64,9321.26
2020-05-14 00:00:00,17,9313.6
2020-05-14 01:00:00,42,9278.18
2020-05-14 02:00:00,40,9342.96
2020-05-14 03:00:00,41,9355.0
2020-05-14 04:00:00,13,9319.87
2020-05-14 05:00:00,36,9438.64
2020-05-14 06:00:00,25,9449.47
2020-05-14 07:00:00,64,9512.91
2020-05-14 08:00:00,50,9617.0
2020-05-14 09:00:00,82,9811.8
2020-05-14 10:00:00,72,9650.74
2020-05-14 11:00:00,27,9679.57
2020-05-14 12:00:00,57,9591.07
2020-05-14 13:00:00,59,9627.41
2020-05-14 14:00:00,30,9708.38
2020-05-14 15:00:00,47,9755.23
2020-05-14 16:00:00,47,9679.0
2020-05-14 17:00:00,65,9621.87
2020-05-14 18:00:00,56,9683.64
2020-05-14 19:00:00,39,9660.33
2020-05-14 20:00:00,66,9662.69
2020-05-14 21:00:00,48,9782.15
2020-05-14 22:00:00,65,9760.14
2020-05-14 23:00:00,26,9795.34
2020-05-15 00:00:00,41,9771.45
2020-05-15 01:00:00,21,9736.99
2020-05-15 02:00:00,61,9493.43
2020-05-15 03:00:00,30,9477.0
2020-05-15 04:00:00,45,9438.89
2020-05-15 05:00:00,39,9501.34
2020-05-15 06:00:00,47,9544.93
2020-05-15 07:00:00,23,9675.88
2020-05-15 08:00:00,58,9611.81
2020-05-15 09:00:00,59,9614.76
2020-05-15 10:00:00,40,9583.76
2020-05-15 11:00:00,16,9587.95
2020-05-15 12:00:00,37,9518.42
2020-05-15 13:00:00,78,9537.37
2020-05-15 14:00:00,55,9562.01
2020-05-15 15:00:00,30,9471.79
2020-05-15 16:00:00,44,9466.63
2020-05-15 17:00:00,14,9472.35
2020-05-15 18:00:00,27,9487.32
2020-05-15 19:00:00,63,9334.25
2020-05-15 20:00:00,61,9244.51
2020-05-15 21:00:00,39,9414.97
2020-05-15 22:00:00,96,9360.0
2020-05-15 23:00:00,34,9312.1
2020-05-16 00:00:00,12,9392.0
2020-05-16 01:00:00,21,9403.99
2020-05-16 02:00:00,32,9432.98
2020-05-16 03:00:00,19,9405.72
2020-05-16 04:00:00,26,9499.28
2020-05-16 05:00:00,27,9457.67
2020-05-16 06:00:00,24,9469.86
2020-05-16 07:00:00,15,9385.34
2020-05-16 08:00:00,23,9422.4
2020-05-16 09:00:00,28,9414.7
2020-05-16 10:00:00,12,9454.78
2020-05-16 11:00:00,29,9409.5
2020-05-16 12:00:00,28,9471.78
2020-05-16 13:00:00,31,9454.72
2020-05-16 14:00:00,10,9429.47
2020-05-16 15:00:00,30,9374.76
2020-05-16 16:00:00,28,9380.63
2020-05-16 17:00:00,24,9318.04
2020-05-16 18:00:00,21,9282.0
2020-05-16 19:00:00,21,9332.15
2020-05-16 20:00:00,24,9382.46
2020-05-16 21:00:00,14,9383.53
2020-05-16 22:00:00,21,9420.0
2020-05-16 23:00:00,14,9383.16
2020-05-17 00:00:00,32,9481.01
2020-05-17 01:00:00,28,9474.99
2020-05-17 02:00:00,31,9514.95
2020-05-17 03:00:00,32,9541.78
2020-05-17 04:00:00,32,9506.92
2020-05-17 05:00:00,36,9492.44
2020-05-17 06:00:00,13,9543.77
2020-05-17 07:00:00,33,9538.87
2020-05-17 08:00:00,11,9489.89
2020-05-17 09:00:00,38,9486.73
2020-05-17 10:00:00,18,9532.45
2020-05-17 11:00:00,29,9524.09
2020-05-17 12:00:00,20,9775.16
2020-05-17 13:00:00,46,9749.01
2020-05-17 14:00:00,34,9821.99
2020-05-17 15:00:00,31,9825.0
2020-05-17 16:00:00,29,9737.04
2020-05-17 17:00:00,39,9764.09
2020-05-17 18:00:00,22,9755.01
2020-05-17 19:00:00,45,9769.75
2020-05-17 20:00:00,19,9742.89
2020-05-17 21:00:00,35,9765.77
2020-05-17 22:00:00,36,9690.35
2020-05-17 23:00:00,31,9676.53
2020-05-18 00:00:00,26,9773.11
2020-05-18 01:00:00,45,9898.86
2020-05-18 02:00:00,46,9865.85
2020-05-18 03:00:00,35,9861.29
2020-05-18 04:00:00,9,9865.45
2020-05-18 05:00:00,68,9855.27
2020-05-18 06:00:00,54,9774.0
2020-05-18 07:00:00,23,9779.09
2020-05-18 08:00:00,57,9579.64
2020-05-18 09:00:00,58,9570.01
2020-05-18 10:00:00,38,9626.4
2020-05-18 11:00:00,47,9627.4
2020-05-18 12:00:00,35,9664.22
2020-05-18 13:00:00,88,9655.7
2020-05-18 14:00:00,71,9707.31
2020-05-18 15:00:00,52,9662.63
2020-05-18 16:00:00,34,9627.19
2020-05-18 17:00:00,65,9619.0
2020-05-18 18:00:00,63,9653.98
2020-05-18 19:00:00,42,9698.58
2020-05-18 20:00:00,14,9680.84
2020-05-18 21:00:00,43,9685.01
2020-05-18 22:00:00,21,9716.35
2020-05-18 23:00:00,24,9728.52
2020-05-19 00:00:00,12,9636.55
2020-05-19 01:00:00,42,9648.41
2020-05-19 02:00:00,42,9602.27
2020-05-19 03:00:00,24,9519.0
2020-05-19 04:00:00,29,9520.02
2020-05-19 05:00:00,33,9594.81
2020-05-19 06:00:00,20,9577.62
2020-05-19 07:00:00,21,9561.39
2020-05-19 08:00:00,53,9798.33
2020-05-19 09:00:00,57,9783.33
2020-05-19 10:00:00,41,9789.73
2020-05-19 11:00:00,34,9748.67
2020-05-19 12:00:00,51,9613.7
2020-05-19 13:00:00,27,9665.81
2020-05-19 14:00:00,54,9699.01
2020-05-19 15:00:00,58,9685.91
2020-05-19 16:00:00,60,9697.89
2020-05-19 17:00:00,86,9662.9
2020-05-19 18:00:00,26,9702.4
2020-05-19 19:00:00,41,9641.38
2020-05-19 20:00:00,29,9688.52
2020-05-19 21:00:00,46,9687.05
2020-05-19 22:00:00,30,9759.01
2020-05-19 23:00:00,29,9781.89
2020-05-20 00:00:00,40,9746.73
2020-05-20 01:00:00,22,9742.77
2020-05-20 02:00:00,37,9729.02
2020-05-20 03:00:00,32,9720.82
2020-05-20 04:00:00,24,9728.73
2020-05-20 05:00:00,49,9745.21
2020-05-20 06:00:00,25,9715.92
2020-05-20 07:00:00,49,9760.55
2020-05-20 08:00:00,28,9774.31
2020-05-20 09:00:00,29,9782.84
2020-05-20 10:00:00,37,9772.22
2020-05-20 11:00:00,55,9720.0
2020-05-20 12:00:00,59,9763.28
2020-05-20 13:00:00,72,9782.03
2020-05-20 14:00:00,50,9766.57
2020-05-20 15:00:00,74,9408.37
2020-05-20 16:00:00,56,9489.8
2020-05-20 17:00:00,79,9536.5
2020-05-20 18:00:00,41,9534.21
2020-05-20 19:00:00,24,9533.45
2020-05-20 20:00:00,25,9592.7
2020-05-20 21:00:00,48,9550.0
2020-05-20 22:00:00,28,9518.95
2020-05-20 23:00:00,31,9509.41
2020-05-21 00:00:00,32,9555.0
2020-05-21 01:00:00,12,9510.01
2020-05-21 02:00:00,53,9463.09
2020-05-21 03:00:00,19,9469.0
2020-05-21 04:00:00,34,9473.67
2020-05-21 05:00:00,17,9490.0
2020-05-21 06:00:00,36,9478.89
2020-05-21 07:00:00,24,9443.26
2020-05-21 08:00:00,43,9366.99
2020-05-21 09:00:00,41,9286.39
2020-05-21 10:00:00,15,9359.9
2020-05-21 11:00:00,28,9374.02
2020-05-21 12:00:00,35,9347.33
2020-05-21 13:00:00,54,9281.84
2020-05-21 14:00:00,46,9066.37
2020-05-21 15:00:00,86,9074.23
2020-05-21 16:00:00,69,9069.17
2020-05-21 17:00:00,86,8988.21
2020-05-21 18:00:00,65,8817.34
2020-05-21 19:00:00,19,9059.19
2020-05-21 20:00:00,39,9055.79
2020-05-21 21:00:00,49,9103.43
2020-05-21 22:00:00,51,9114.27
2020-05-21 23:00:00,36,9058.14
2020-05-22 00:00:00,27,9018.99
2020-05-22 01:00:00,41,9085.03
2020-05-22 02:00:00,49,9031.16
2020-05-22 03:00:00,36,8982.3
2020-05-22 04:00:00,50,8984.37
2020-05-22 05:00:00,39,9036.46
2020-05-22 06:00:00,78,9079.44
2020-05-22 07:00:00,15,9071.33
2020-05-22 08:00:00,77,9079.0
2020-05-22 09:00:00,83,9098.99
2020-05-22 10:00:00,72,9161.55
2020-05-22 11:00:00,23,9164.2
2020-05-22 12:00:00,63,9172.01
2020-05-22 13:00:00,111,9106.97
2020-05-22 14:00:00,85,9132.91
2020-05-22 15:00:00,45,9220.0
2020-05-22 16:00:00,89,9249.07
2020-05-22 17:00:00,41,9197.74
2020-05-22 18:00:00,52,9204.8
2020-05-22 19:00:00,44,9173.33
2020-05-22 20:00:00,75,9181.78
2020-05-22 21:00:00,27,9205.16
2020-05-22 22:00:00,23,9200.44
2020-05-22 23:00:00,25,9168.84
2020-05-23 00:00:00,26,9248.0
2020-05-23 01:00:00,34,9244.75
2020-05-23 02:00:00,28,9280.01
2020-05-23 03:00:00,21,9295.3
2020-05-23 04:00:00,20,9262.69
2020-05-23 05:00:00,22,9268.6
2020-05-23 06:00:00,13,9243.66
2020-05-23 07:00:00,23,9261.0
2020-05-23 08:00:00,47,9193.74
2020-05-23 09:00:00,26,9140.0
2020-05-23 10:00:00,22,9140.87
2020-05-23 11:00:00,20,9183.0
2020-05-23 12:00:00,42,9134.79
2020-05-23 13:00:00,30,9155.56
2020-05-23 14:00:00,14,9201.19
2020-05-23 15:00:00,33,9198.55
2020-05-23 16:00:00,27,9175.85
2020-05-23 17:00:00,16,9182.99
2020-05-23 18:00:00,22,9163.85
2020-05-23 19:00:00,31,9186.71
2020-05-23 20:00:00,17,9238.45
2020-05-23 21:00:00,10,9231.34
2020-05-23 22:00:00,17,9233.48
2020-05-23 23:00:00,18,9181.76
2020-05-24 00:00:00,19,9201.22
2020-05-24 01:00:00,15,9176.86
2020-05-24 02:00:00,17,9202.01
2020-05-24 03:00:00,16,9197.68
2020-05-24 04:00:00,10,9195.62
2020-05-24 05:00:00,22,9205.01
2020-05-24 06:00:00,23,9280.25
2020-05-24 07:00:00,27,9262.4
2020-05-24 08:00:00,25,9265.12
2020-05-24 09:00:00,12,9270.99
2020-05-24 10:00:00,34,9268.51
2020-05-24 11:00:00,21,9116.5
2020-05-24 12:00:00,41,9159.88
2020-05-24 13:00:00,36,9090.4
2020-05-24 14:00:00,32,9074.36
2020-05-24 15:00:00,39,9055.27
2020-05-24 16:00:00,48,8939.41
2020-05-24 17:00:00,31,8943.41
2020-05-24 18:00:00,37,8940.33
2020-05-24 19:00:00,21,9015.96
2020-05-24 20:00:00,16,9001.01
2020-05-24 21:00:00,14,9057.29
2020-05-24 22:00:00,20,9039.66
2020-05-24 23:00:00,3,8713.76
2020-05-25 00:00:00,60,8808.46
2020-05-25 01:00:00,34,8792.16
2020-05-25 02:00:00,42,8793.2
2020-05-25 03:00:00,38,8782.21
2020-05-25 04:00:00,3,8808.06
2020-05-25 05:00:00,78,8778.47
2020-05-25 06:00:00,26,8788.09
2020-05-25 07:00:00,58,8863.45
2020-05-25 08:00:00,42,8826.21
2020-05-25 09:00:00,37,8757.67
2020-05-25 10:00:00,70,8689.33
2020-05-25 11:00:00,59,8752.99
2020-05-25 12:00:00,54,8760.81
2020-05-25 13:00:00,40,8814.29
2020-05-25 14:00:00,50,8753.46
2020-05-25 15:00:00,33,8780.54
2020-05-25 16:00:00,59,8808.48
2020-05-25 17:00:00,34,8894.96
2020-05-25 18:00:00,40,8887.86
2020-05-25 19:00:00,16,8934.04
2020-05-25 20:00:00,44,8918.02
2020-05-25 21:00:00,8,8902.67
2020-05-25 22:00:00,34,8903.24
2020-05-25 23:00:00,17,8899.31
2020-05-26 00:00:00,41,8860.0
2020-05-26 01:00:00,24,8882.08
2020-05-26 02:00:00,58,8875.16
2020-05-26 03:00:00,24,8903.51
2020-05-26 04:00:00,22,8904.69
2020-05-26 05:00:00,38,8935.01
2020-05-26 06:00:00,24,8889.05
2020-05-26 07:00:00,19,8957.19
2020-05-26 08:00:00,34,8963.47
2020-05-26 09:00:00,58,8888.45
2020-05-26 10:00:00,38,8860.01
2020-05-26 11:00:00,46,8866.1
2020-05-26 12:00:00,36,8816.22
2020-05-26 13:00:00,86,8807.37
2020-05-26 14:00:00,27,8814.13
2020-05-26 15:00:00,102,8723.72
2020-05-26 16:00:00,50,8787.18
2020-05-26 17:00:00,80,8811.6
2020-05-26 18:00:00,49,8812.0
2020-05-26 19:00:00,33,8794.28
2020-05-26 20:00:00,37,8860.86
2020-05-26 21:00:00,20,8843.87
2020-05-26 22:00:00,42,8830.82
2020-05-26 23:00:00,24,8844.42
2020-05-27 00:00:00,16,8885.01
2020-05-27 01:00:00,50,8851.59
2020-05-27 02:00:00,32,8818.73
2020-05-27 03:00:00,21,8825.85
2020-05-27 05:00:00,48,8875.0
2020-05-27 06:00:00,39,8840.01
2020-05-27 07:00:00,29,8841.05
2020-05-27 08:00:00,32,8930.48
2020-05-27 09:00:00,33,8927.17
2020-05-27 10:00:00,26,9126.71
2020-05-27 11:00:00,87,9148.72
2020-05-27 12:00:00,76,9148.72
2020-05-27 13:00:00,41,9147.55
2020-05-27 14:00:00,52,9155.11
2020-05-27 15:00:00,53,9145.98
2020-05-27 16:00:00,45,9171.95
2020-05-27 17:00:00,54,9195.39
2020-05-27 18:00:00,44,9169.62
2020-05-27 19:00:00,49,9154.77
2020-05-27 20:00:00,25,9163.73
2020-05-27 21:00:00,41,9068.0
2020-05-27 22:00:00,28,9097.25
2020-05-27 23:00:00,10,9208.98
2020-05-28 00:00:00,53,9271.41
2020-05-28 01:00:00,5,9220.25
2020-05-28 02:00:00,50,9201.98
2020-05-28 03:00:00,27,9166.38
2020-05-28 04:00:00,16,9176.28
2020-05-28 05:00:00,18,9164.93
2020-05-28 06:00:00,23,9166.75
2020-05-28 07:00:00,34,9145.5
2020-05-28 08:00:00,36,9188.21
2020-05-28 09:00:00,32,9203.23
2020-05-28 10:00:00,29,9166.95
2020-05-28 11:00:00,44,9265.53
2020-05-28 12:00:00,42,9431.57
2020-05-28 13:00:00,64,9411.82
2020-05-28 14:00:00,43,9469.93
2020-05-28 15:00:00,68,9503.57
2020-05-28 16:00:00,78,9450.13
2020-05-28 17:00:00,52,9470.01
2020-05-28 18:00:00,41,9430.01
2020-05-28 19:00:00,32,9453.99
2020-05-28 20:00:00,27,9446.57
2020-05-28 21:00:00,50,9438.7
2020-05-28 22:00:00,26,9487.0
2020-05-28 23:00:00,12,9580.2
2020-05-29 00:00:00,40,9511.1
2020-05-29 01:00:00,40,9511.6
2020-05-29 02:00:00,49,9503.02
2020-05-29 03:00:00,23,9515.87
2020-05-29 04:00:00,16,9495.04
2020-05-29 05:00:00,31,9517.02
2020-05-29 06:00:00,39,9510.9
2020-05-29 07:00:00,58,9518.0
2020-05-29 08:00:00,24,9445.32
2020-05-29 09:00:00,62,9445.0
2020-05-29 10:00:00,56,9357.11
2020-05-29 11:00:00,31,9400.01
2020-05-29 12:00:00,57,9394.35
2020-05-29 13:00:00,12,9434.51
2020-05-29 14:00:00,58,9443.79
2020-05-29 15:00:00,97,9404.15
2020-05-29 16:00:00,12,9427.35
2020-05-29 17:00:00,116,9424.09
2020-05-29 18:00:00,44,9430.01
2020-05-29 19:00:00,43,9398.61
2020-05-29 20:00:00,37,9414.42
2020-05-29 21:00:00,39,9389.91
2020-05-29 22:00:00,9,9427.16
2020-05-29 23:00:00,57,9423.86
2020-05-30 00:00:00,32,9376.51
2020-05-30 01:00:00,16,9373.27
2020-05-30 02:00:00,46,9370.01
2020-05-30 03:00:00,29,9362.07
2020-05-30 04:00:00,19,9441.75
2020-05-30 05:00:00,35,9523.12
2020-05-30 06:00:00,34,9568.16
2020-05-30 07:00:00,41,9528.32
2020-05-30 08:00:00,38,9551.55
2020-05-30 09:00:00,35,9495.8
2020-05-30 10:00:00,40,9525.02
2020-05-30 11:00:00,34,9545.15
2020-05-30 12:00:00,33,9545.79
2020-05-30 13:00:00,44,9565.38
2020-05-30 14:00:00,42,9546.96
2020-05-30 15:00:00,31,9515.33
2020-05-30 16:00:00,25,9546.9
2020-05-30 17:00:00,34,9526.78
2020-05-30 18:00:00,17,9544.29
2020-05-30 19:00:00,25,9538.71
2020-05-30 20:00:00,29,9440.01
2020-05-30 21:00:00,19,9461.54
2020-05-30 22:00:00,22,9732.54
2020-05-30 23:00:00,3,9700.33
2020-05-31 00:00:00,45,9660.03
2020-05-31 01:00:00,21,9659.77
2020-05-31 02:00:00,30,9639.11
2020-05-31 03:00:00,6,9584.52
2020-05-31 04:00:00,34,9556.74
2020-05-31 05:00:00,22,9565.62
2020-05-31 06:00:00,21,9544.26
2020-05-31 07:00:00,28,9561.19
2020-05-31 08:00:00,34,9561.73
2020-05-31 09:00:00,37,9562.78
2020-05-31 10:00:00,45,9599.95
2020-05-31 11:00:00,21,9589.36
2020-05-31 12:00:00,49,9578.85
2020-05-31 13:00:00,41,9551.12
2020-05-31 14:00:00,39,9469.58
2020-05-31 15:00:00,38,9480.01
2020-05-31 16:00:00,48,9524.75
2020-05-31 17:00:00,36,9524.84
2020-05-31 18:00:00,32,9493.7
2020-05-31 19:00:00,29,9517.12
2020-05-31 20:00:00,44,9505.01
2020-05-31 21:00:00,22,9448.91
2020-05-31 22:00:00,29,9453.16
2020-05-31 23:00:00,27,9448.44
2020-06-01 00:00:00,27,9496.15
2020-06-01 01:00:00,29,9551.12
2020-06-01 02:00:00,27,9528.77
2020-06-01 03:00:00,32,9548.48
2020-06-01 04:00:00,28,9548.99
2020-06-01 05:00:00,5,9531.69
2020-06-01 06:00:00,38,9532.03
2020-06-01 07:00:00,31,9567.35
2020-06-01 08:00:00,27,9532.56
2020-06-01 09:00:00,37,9535.47
2020-06-01 10:00:00,43,9538.97
2020-06-01 11:00:00,61,9511.0
2020-06-01 12:00:00,56,9560.01
2020-06-01 13:00:00,69,9541.45
2020-06-01 14:00:00,47,9562.03
2020-06-01 15:00:00,65,9538.0
2020-06-01 16:00:00,54,9585.62
2020-06-01 17:00:00,64,9572.04
2020-06-01 18:00:00,38,9584.6
2020-06-01 19:00:00,44,9573.84
2020-06-01 20:00:00,38,9685.19
2020-06-01 21:00:00,43,9673.81
2020-06-01 22:00:00,53,9720.09
2020-06-01 23:00:00,67,10217.0
2020-06-02 00:00:00,90,10191.63
2020-06-02 01:00:00,55,10127.87
2020-06-02 02:00:00,99,10089.16
2020-06-02 03:00:00,64,10091.0
2020-06-02 04:00:00,94,10092.77
2020-06-02 05:00:00,61,10078.1
2020-06-02 06:00:00,50,10093.19
2020-06-02 07:00:00,45,10118.85
2020-06-02 08:00:00,83,10101.68
2020-06-02 09:00:00,47,10104.07
2020-06-02 10:00:00,80,10104.07
2020-06-02 11:00:00,60,10104.84
2020-06-02 12:00:00,53,10117.3
2020-06-02 13:00:00,103,10154.42
2020-06-02 14:00:00,137,9559.22
2020-06-02 15:00:00,109,9478.71
2020-06-02 16:00:00,95,9474.36
2020-06-02 17:00:00,68,9536.26
2020-06-02 18:00:00,101,9512.33
2020-06-02 19:00:00,48,9525.44
2020-06-02 20:00:00,72,9525.0
2020-06-02 21:00:00,45,9535.88
2020-06-02 22:00:00,44,9494.15
2020-06-02 23:00:00,34,9522.46
2020-06-03 00:00:00,60,9509.08
2020-06-03 01:00:00,34,9503.24
2020-06-03 02:00:00,42,9492.1
2020-06-03 03:00:00,22,9486.63
2020-06-03 04:00:00,21,9495.45
2020-06-03 05:00:00,10,9512.25
2020-06-03 06:00:00,47,9512.0
2020-06-03 07:00:00,43,9505.77
2020-06-03 08:00:00,33,9505.87
2020-06-03 09:00:00,29,9529.52
2020-06-03 10:00:00,30,9592.28
2020-06-03 11:00:00,45,9593.01
2020-06-03 12:00:00,21,9602.75
2020-06-03 13:00:00,102,9587.58
2020-06-03 14:00:00,52,9587.58
2020-06-03 15:00:00,106,9558.31
2020-06-03 16:00:00,57,9573.06
2020-06-03 17:00:00,54,9562.1
2020-06-03 18:00:00,71,9599.8
2020-06-03 19:00:00,58,9579.29
2020-06-03 20:00:00,41,9582.01
2020-06-03 21:00:00,50,9585.29
2020-06-03 22:00:00,42,9607.99
2020-06-03 23:00:00,33,9668.07
2020-06-04 00:00:00,27,9632.11
2020-06-04 01:00:00,37,9632.11
2020-06-04 02:00:00,42,9677.31
2020-06-04 03:00:00,37,9671.8
2020-06-04 04:00:00,47,9667.23
2020-06-04 05:00:00,29,9637.12
2020-06-04 06:00:00,26,9649.03
2020-06-04 07:00:00,41,9645.65
2020-06-04 08:00:00,35,9639.56
2020-06-04 09:00:00,49,9540.09
2020-06-04 10:00:00,32,9547.0
2020-06-04 11:00:00,29,9623.58
2020-06-04 12:00:00,88,9643.58
2020-06-04 13:00:00,57,9768.64
2020-06-04 14:00:00,61,9750.02
2020-06-04 15:00:00,56,9835.82
2020-06-04 16:00:00,77,9775.15
2020-06-04 17:00:00,36,9821.75
2020-06-04 18:00:00,72,9767.23
2020-06-04 19:00:00,52,9816.99
2020-06-04 20:00:00,41,9785.96
2020-06-04 21:00:00,32,9784.11
2020-06-04 22:00:00,48,9822.49
2020-06-04 23:00:00,57,9788.05
2020-06-05 00:00:00,36,9808.51
2020-06-05 01:00:00,51,9823.68
2020-06-05 02:00:00,36,9796.32
2020-06-05 03:00:00,21,9795.34
2020-06-05 04:00:00,21,9783.71
2020-06-05 05:00:00,29,9789.67
2020-06-05 06:00:00,50,9800.01
2020-06-05 07:00:00,37,9773.72
2020-06-05 08:00:00,45,9835.98
2020-06-05 09:00:00,27,9826.96
2020-06-05 10:00:00,55,9699.64
2020-06-05 11:00:00,68,9691.46
2020-06-05 12:00:00,62,9665.22
2020-06-05 13:00:00,58,9704.5
2020-06-05 14:00:00,84,9684.91
2020-06-05 15:00:00,42,9709.87
2020-06-05 16:00:00,105,9721.87
2020-06-05 17:00:00,46,9727.08
2020-06-05 18:00:00,54,9744.14
2020-06-05 19:00:00,47,9727.66
2020-06-05 20:00:00,46,9713.66
2020-06-05 21:00:00,54,9664.2
2020-06-05 22:00:00,101,9675.17
2020-06-05 23:00:00,31,9613.21
2020-06-06 00:00:00,38,9592.87
2020-06-06 01:00:00,46,9565.57
2020-06-06 02:00:00,25,9591.88
2020-06-06 03:00:00,28,9625.0
2020-06-06 04:00:00,25,9603.43
2020-06-06 05:00:00,26,9614.63
2020-06-06 06:00:00,31,9600.64
2020-06-06 07:00:00,30,9607.24
2020-06-06 08:00:00,23,9598.64
2020-06-06 09:00:00,28,9673.77
2020-06-06 10:00:00,23,9671.15
2020-06-06 11:00:00,23,9689.14
2020-06-06 12:00:00,18,9646.55
2020-06-06 13:00:00,21,9651.37
2020-06-06 14:00:00,25,9651.12
2020-06-06 15:00:00,12,9650.02
2020-06-06 16:00:00,33,9615.7
2020-06-06 17:00:00,22,9614.01
2020-06-06 18:00:00,26,9627.48
2020-06-06 19:00:00,15,9661.19
2020-06-06 20:00:00,17,9708.2
2020-06-06 21:00:00,20,9697.4
2020-06-06 22:00:00,25,9645.62
2020-06-06 23:00:00,17,9671.7
2020-06-07 00:00:00,18,9673.61
2020-06-07 01:00:00,13,9669.19
2020-06-07 02:00:00,24,9682.7
2020-06-07 03:00:00,9,9686.05
2020-06-07 04:00:00,10,9677.1
2020-06-07 05:00:00,10,9668.47
2020-06-07 06:00:00,13,9663.64
2020-06-07 07:00:00,16,9654.75
2020-06-07 08:00:00,33,9657.82
2020-06-07 09:00:00,35,9624.18
2020-06-07 10:00:00,20,9622.96
2020-06-07 11:00:00,21,9572.48
2020-06-07 12:00:00,26,9510.85
2020-06-07 13:00:00,29,9448.05
2020-06-07 14:00:00,34,9454.98
2020-06-07 15:00:00,41,9498.25
2020-06-07 16:00:00,26,9489.43
2020-06-07 17:00:00,12,9503.41
2020-06-07 18:00:00,24,9537.66
2020-06-07 19:00:00,15,9791.06
2020-06-07 20:00:00,34,9736.21
2020-06-07 21:00:00,17,9709.99
2020-06-07 22:00:00,27,9761.5
2020-06-07 23:00:00,15,9750.12
2020-06-08 00:00:00,27,9773.05
2020-06-08 01:00:00,43,9749.77
2020-06-08 02:00:00,18,9720.0
2020-06-08 03:00:00,31,9724.57
2020-06-08 04:00:00,24,9738.01
2020-06-08 05:00:00,25,9753.23
2020-06-08 06:00:00,36,9731.71
2020-06-08 07:00:00,38,9729.98
2020-06-08 08:00:00,46,9691.6
2020-06-08 09:00:00,40,9753.84
2020-06-08 10:00:00,67,9734.99
2020-06-08 11:00:00,60,9745.0
2020-06-08 12:00:00,56,9719.51
2020-06-08 13:00:00,49,9690.0
2020-06-08 14:00:00,73,9669.74
2020-06-08 15:00:00,50,9706.38
2020-06-08 16:00:00,57,9718.94
2020-06-08 17:00:00,63,9723.88
2020-06-08 18:00:00,80,9704.28
2020-06-08 19:00:00,61,9695.01
2020-06-08 20:00:00,53,9701.99
2020-06-08 21:00:00,135,9712.1
2020-06-08 22:00:00,156,9697.5
2020-06-08 23:00:00,46,9781.51
2020-06-09 00:00:00,45,9710.0
2020-06-09 01:00:00,25,9704.99
2020-06-09 02:00:00,50,9702.13
2020-06-09 03:00:00,39,9682.75
2020-06-09 04:00:00,35,9679.36
2020-06-09 05:00:00,36,9695.87
2020-06-09 06:00:00,35,9690.62
2020-06-09 07:00:00,35,9682.65
2020-06-09 08:00:00,22,9685.03
2020-06-09 09:00:00,64,9669.64
2020-06-09 10:00:00,40,9677.02
2020-06-09 11:00:00,49,9726.71
2020-06-09 12:00:00,44,9730.02
2020-06-09 13:00:00,42,9711.86
2020-06-09 14:00:00,70,9719.1
2020-06-09 15:00:00,55,9726.42
2020-06-09 16:00:00,46,9711.04
2020-06-09 17:00:00,56,9712.78
2020-06-09 18:00:00,53,9710.04
2020-06-09 19:00:00,62,9730.62
2020-06-09 20:00:00,38,9750.01
2020-06-09 21:00:00,38,9821.96
2020-06-09 22:00:00,14,9779.13
2020-06-09 23:00:00,34,9779.41
2020-06-10 00:00:00,31,9785.37
2020-06-10 01:00:00,104,9793.58
2020-06-10 02:00:00,32,9778.86
2020-06-10 03:00:00,42,9759.3
2020-06-10 04:00:00,44,9750.25
2020-06-10 05:00:00,31,9773.6
2020-06-10 06:00:00,22,9783.32
2020-06-10 07:00:00,55,9751.0
2020-06-10 08:00:00,46,9741.95
2020-06-10 09:00:00,36,9725.47
2020-06-10 10:00:00,29,9742.77
2020-06-10 11:00:00,62,9729.72
2020-06-10 12:00:00,40,9770.44
2020-06-10 13:00:00,71,9753.5
2020-06-10 14:00:00,76,9755.96
2020-06-10 15:00:00,47,9762.67
2020-06-10 16:00:00,69,9768.21
2020-06-10 17:00:00,62,9776.0
2020-06-10 18:00:00,33,9829.46
2020-06-10 19:00:00,9,9854.27
2020-06-10 20:00:00,64,9865.95
2020-06-10 21:00:00,47,9856.11
2020-06-10 22:00:00,25,9899.15
2020-06-10 23:00:00,30,9894.04
2020-06-11 00:00:00,44,9901.06
2020-06-11 01:00:00,34,9938.79
2020-06-11 02:00:00,25,9922.06
2020-06-11 03:00:00,86,9892.03
2020-06-11 04:00:00,58,9898.01
2020-06-11 05:00:00,41,9888.66
2020-06-11 06:00:00,49,9832.4
2020-06-11 07:00:00,36,9792.52
2020-06-11 08:00:00,58,9805.26
2020-06-11 09:00:00,22,9794.44
2020-06-11 10:00:00,41,9792.36
2020-06-11 11:00:00,55,9779.32
2020-06-11 12:00:00,68,9711.08
2020-06-11 13:00:00,82,9625.0
2020-06-11 14:00:00,54,9602.5
2020-06-11 15:00:00,55,9510.05
2020-06-11 16:00:00,60,9110.22
2020-06-11 17:00:00,68,9374.77
2020-06-11 18:00:00,83,9306.42
2020-06-11 19:00:00,37,9275.21
2020-06-11 20:00:00,25,9338.43
2020-06-11 21:00:00,91,9341.95
2020-06-11 22:00:00,53,9317.7
2020-06-11 23:00:00,30,9268.16
2020-06-12 00:00:00,29,9306.35
2020-06-12 01:00:00,33,9327.1
2020-06-12 02:00:00,34,9344.69
2020-06-12 03:00:00,17,9353.04
2020-06-12 04:00:00,36,9347.3
2020-06-12 05:00:00,21,9373.26
2020-06-12 06:00:00,44,9356.19
2020-06-12 07:00:00,35,9430.27
2020-06-12 08:00:00,9,9464.6
2020-06-12 09:00:00,53,9447.78
2020-06-12 10:00:00,40,9461.5
2020-06-12 11:00:00,60,9493.21
2020-06-12 12:00:00,59,9458.53
2020-06-12 13:00:00,70,9538.12
2020-06-12 14:00:00,41,9415.93
2020-06-12 15:00:00,73,9414.03
2020-06-12 16:00:00,48,9418.06
2020-06-12 17:00:00,33,9330.59
2020-06-12 18:00:00,57,9395.36
2020-06-12 19:00:00,33,9427.4
2020-06-12 20:00:00,65,9463.41
2020-06-12 21:00:00,40,9437.03
2020-06-12 22:00:00,27,9476.04
2020-06-12 23:00:00,59,9464.17
2020-06-13 00:00:00,38,9446.62
2020-06-13 01:00:00,34,9442.06
2020-06-13 02:00:00,22,9427.0
2020-06-13 03:00:00,66,9408.57
2020-06-13 04:00:00,40,9404.4
2020-06-13 05:00:00,40,9409.06
2020-06-13 06:00:00,19,9426.5
2020-06-13 07:00:00,56,9438.26
2020-06-13 08:00:00,26,9441.98
2020-06-13 09:00:00,31,9443.15
2020-06-13 10:00:00,28,9416.07
2020-06-13 11:00:00,29,9405.0
2020-06-13 12:00:00,20,9423.1
2020-06-13 13:00:00,22,9426.98
2020-06-13 14:00:00,38,9451.01
2020-06-13 15:00:00,24,9438.43
2020-06-13 16:00:00,30,9434.0
2020-06-13 17:00:00,13,9432.02
2020-06-13 18:00:00,19,9445.42
2020-06-13 19:00:00,13,9405.71
2020-06-13 20:00:00,9,9403.75
2020-06-13 21:00:00,26,9427.06
2020-06-13 22:00:00,23,9437.41
2020-06-13 23:00:00,31,9475.0
2020-06-14 00:00:00,15,9454.23
2020-06-14 01:00:00,23,9446.11
2020-06-14 02:00:00,39,9441.25
2020-06-14 03:00:00,19,9436.3
2020-06-14 04:00:00,16,9427.01
2020-06-14 05:00:00,13,9427.98
2020-06-14 06:00:00,18,9396.39
2020-06-14 07:00:00,24,9408.27
2020-06-14 08:00:00,26,9427.49
2020-06-14 09:00:00,20,9411.95
2020-06-14 10:00:00,35,9420.32
2020-06-14 11:00:00,22,9428.03
2020-06-14 12:00:00,35,9408.72
2020-06-14 13:00:00,36,9404.37
2020-06-14 14:00:00,37,9347.0
2020-06-14 15:00:00,42,9415.0
2020-06-14 16:00:00,30,9391.66
2020-06-14 17:00:00,25,9396.32
2020-06-14 18:00:00,27,9384.85
2020-06-14 19:00:00,39,9394.87
2020-06-14 20:00:00,26,9383.1
2020-06-14 21:00:00,32,9339.81
2020-06-14 22:00:00,42,9382.49
2020-06-14 23:00:00,27,9325.18
2020-06-15 00:00:00,29,9327.88
2020-06-15 01:00:00,23,9238.15
2020-06-15 02:00:00,53,9252.75
2020-06-15 03:00:00,41,9150.07
2020-06-15 04:00:00,38,9179.64
2020-06-15 05:00:00,47,9025.78
2020-06-15 06:00:00,92,9037.67
2020-06-15 07:00:00,52,9106.15
2020-06-15 08:00:00,59,9129.98
2020-06-15 09:00:00,45,9133.34
2020-06-15 10:00:00,97,9080.23
2020-06-15 11:00:00,83,9101.15
2020-06-15 12:00:00,41,9084.52
2020-06-15 13:00:00,40,9179.55
2020-06-15 14:00:00,67,9195.06
2020-06-15 15:00:00,11,9300.95
2020-06-15 16:00:00,120,9362.27
2020-06-15 17:00:00,61,9337.53
2020-06-15 18:00:00,48,9420.46
2020-06-15 19:00:00,50,9420.56
2020-06-15 20:00:00,84,9481.07
2020-06-15 21:00:00,91,9438.77
2020-06-15 22:00:00,28,9425.96
2020-06-15 23:00:00,59,9427.86
2020-06-16 00:00:00,74,9393.92
2020-06-16 01:00:00,70,9412.45
2020-06-16 02:00:00,42,9459.07
2020-06-16 03:00:00,38,9572.01
2020-06-16 04:00:00,49,9549.3
2020-06-16 05:00:00,82,9542.54
2020-06-16 06:00:00,55,9470.33
2020-06-16 07:00:00,28,9498.87
2020-06-16 08:00:00,37,9492.01
2020-06-16 09:00:00,40,9500.0
2020-06-16 10:00:00,49,9525.34
2020-06-16 11:00:00,53,9507.34
2020-06-16 12:00:00,78,9564.51
2020-06-16 13:00:00,55,9536.56
2020-06-16 14:00:00,59,9433.24
2020-06-16 15:00:00,56,9444.5
2020-06-16 16:00:00,52,9491.87
2020-06-16 17:00:00,53,9466.99
2020-06-16 18:00:00,44,9496.73
2020-06-16 19:00:00,25,9509.23
2020-06-16 20:00:00,48,9495.04
2020-06-16 21:00:00,47,9501.08
2020-06-16 22:00:00,10,9525.45
2020-06-16 23:00:00,63,9526.25
2020-06-17 00:00:00,51,9478.7
2020-06-17 01:00:00,41,9451.49
2020-06-17 02:00:00,28,9435.36
2020-06-17 03:00:00,53,9450.05
2020-06-17 04:00:00,50,9457.28
2020-06-17 05:00:00,26,9439.55
2020-06-17 06:00:00,39,9471.21
2020-06-17 07:00:00,37,9506.49
2020-06-17 08:00:00,73,9487.47
2020-06-17 09:00:00,46,9470.02
2020-06-17 10:00:00,28,9476.02
2020-06-17 11:00:00,65,9469.32
2020-06-17 12:00:00,46,9495.2
2020-06-17 13:00:00,87,9436.82
2020-06-17 14:00:00,59,9403.29
2020-06-17 15:00:00,41,9385.0
2020-06-17 16:00:00,64,9359.95
2020-06-17 17:00:00,60,9395.0
2020-06-17 18:00:00,44,9395.95
2020-06-17 19:00:00,49,9289.0
2020-06-17 20:00:00,57,9370.8
2020-06-17 21:00:00,38,9407.91
2020-06-17 22:00:00,39,9433.26
2020-06-17 23:00:00,32,9457.52
2020-06-18 00:00:00,21,9429.1
2020-06-18 01:00:00,38,9413.83
2020-06-18 02:00:00,44,9399.96
2020-06-18 03:00:00,27,9418.7
2020-06-18 04:00:00,34,9401.93
2020-06-18 05:00:00,22,9415.92
2020-06-18 06:00:00,34,9425.01
2020-06-18 07:00:00,42,9430.29
2020-06-18 08:00:00,36,9424.9
2020-06-18 09:00:00,40,9406.53
2020-06-18 10:00:00,26,9442.55
2020-06-18 11:00:00,34,9424.51
2020-06-18 12:00:00,34,9421.3
2020-06-18 13:00:00,46,9396.79
2020-06-18 14:00:00,42,9425.27
2020-06-18 15:00:00,55,9374.8
2020-06-18 16:00:00,34,9393.11
2020-06-18 17:00:00,37,9396.33
2020-06-18 18:00:00,44,9387.56
2020-06-18 19:00:00,58,9391.47
2020-06-18 20:00:00,34,9335.47
2020-06-18 21:00:00,23,9366.12
2020-06-18 22:00:00,50,9371.32
2020-06-19 00:00:00,47,9361.22
2020-06-19 01:00:00,42,9311.03
2020-06-19 02:00:00,33,9265.24
2020-06-19 03:00:00,30,9265.37
2020-06-19 04:00:00,19,9294.53
2020-06-19 05:00:00,19,9309.79
2020-06-19 06:00:00,48,9294.59
2020-06-19 07:00:00,27,9285.11
2020-06-19 08:00:00,66,9304.65
2020-06-19 09:00:00,66,9355.75
2020-06-19 10:00:00,23,9383.2
2020-06-19 11:00:00,40,9375.57
2020-06-19 12:00:00,31,9377.93
2020-06-19 13:00:00,50,9378.45
2020-06-19 14:00:00,82,9358.81
2020-06-19 15:00:00,51,9377.79
2020-06-19 16:00:00,51,9333.96
2020-06-19 17:00:00,39,9305.09
2020-06-19 18:00:00,24,9316.82
2020-06-19 19:00:00,71,9300.31
2020-06-19 20:00:00,39,9315.58
2020-06-19 21:00:00,55,9322.99
2020-06-19 22:00:00,52,9289.91
2020-06-19 23:00:00,32,9301.91
2020-06-20 00:00:00,31,9291.86
2020-06-20 01:00:00,23,9308.44
2020-06-20 02:00:00,42,9317.3
2020-06-20 03:00:00,2,9324.93
2020-06-20 04:00:00,48,9309.69
2020-06-20 05:00:00,32,9300.17
2020-06-20 06:00:00,37,9313.95
2020-06-20 07:00:00,23,9291.52
2020-06-20 08:00:00,52,9274.76
2020-06-20 09:00:00,34,9281.63
2020-06-20 10:00:00,21,9286.01
2020-06-20 11:00:00,57,9322.57
2020-06-20 12:00:00,21,9297.19
2020-06-20 13:00:00,42,9283.35
2020-06-20 14:00:00,36,9279.53
2020-06-20 15:00:00,20,9250.57
2020-06-20 16:00:00,38,9261.36
2020-06-20 17:00:00,42,9267.53
2020-06-20 18:00:00,26,9311.0
2020-06-20 19:00:00,20,9287.08
2020-06-20 20:00:00,25,9319.58
2020-06-20 21:00:00,17,9333.51
2020-06-20 22:00:00,24,9370.39
2020-06-20 23:00:00,34,9355.74
2020-06-21 00:00:00,27,9358.33
2020-06-21 01:00:00,21,9365.87
2020-06-21 02:00:00,30,9369.93
2020-06-21 03:00:00,39,9368.55
2020-06-21 04:00:00,19,9370.01
2020-06-21 05:00:00,18,9386.8
2020-06-21 06:00:00,29,9372.06
2020-06-21 07:00:00,23,9362.55
2020-06-21 08:00:00,24,9357.96
2020-06-21 09:00:00,29,9362.43
2020-06-21 10:00:00,14,9349.66
2020-06-21 11:00:00,22,9353.11
2020-06-21 12:00:00,27,9340.23
2020-06-21 13:00:00,53,9345.39
2020-06-21 14:00:00,37,9347.42
2020-06-21 15:00:00,33,9367.69
2020-06-21 16:00:00,37,9356.39
2020-06-21 17:00:00,40,9336.99
2020-06-21 18:00:00,40,9305.34
2020-06-21 19:00:00,27,9340.01
2020-06-21 20:00:00,33,9311.46
2020-06-21 21:00:00,25,9324.8
2020-06-21 22:00:00,30,9300.0
2020-06-21 23:00:00,23,9286.14
2020-06-22 00:00:00,45,9311.67
2020-06-22 01:00:00,30,9379.77
2020-06-22 02:00:00,45,9376.92
2020-06-22 03:00:00,30,9379.46
2020-06-22 04:00:00,22,9399.61
2020-06-22 05:00:00,35,9409.51
2020-06-22 06:00:00,26,9410.33
2020-06-22 07:00:00,38,9414.91
2020-06-22 08:00:00,42,9428.14
2020-06-22 09:00:00,53,9414.23
2020-06-22 10:00:00,67,9430.82
2020-06-22 11:00:00,75,9455.69
2020-06-22 12:00:00,53,9493.86
2020-06-22 13:00:00,107,9466.87
2020-06-22 14:00:00,70,9461.45
2020-06-22 15:00:00,63,9489.99
2020-06-22 16:00:00,71,9586.78
2020-06-22 17:00:00,36,9595.95
2020-06-22 18:00:00,87,9583.0
2020-06-22 19:00:00,29,9563.14
2020-06-22 20:00:00,65,9641.48
2020-06-22 21:00:00,80,9689.56
2020-06-22 22:00:00,49,9680.95
2020-06-22 23:00:00,51,9690.68
2020-06-23 00:00:00,46,9661.54
2020-06-23 01:00:00,113,9641.47
2020-06-23 02:00:00,44,9640.0
2020-06-23 03:00:00,41,9651.03
2020-06-23 04:00:00,64,9623.34
2020-06-23 05:00:00,39,9617.78
2020-06-23 06:00:00,38,9626.02
2020-06-23 07:00:00,73,9660.96
2020-06-23 08:00:00,102,9608.17
2020-06-23 09:00:00,61,9603.36
2020-06-23 10:00:00,42,9586.43
2020-06-23 11:00:00,57,9632.31
2020-06-23 12:00:00,65,9632.37
2020-06-23 13:00:00,81,9637.06
2020-06-23 14:00:00,46,9643.0
2020-06-23 15:00:00,122,9692.09
2020-06-23 16:00:00,72,9658.99
2020-06-23 17:00:00,66,9665.01
2020-06-23 18:00:00,61,9655.6
2020-06-23 19:00:00,44,9643.5
2020-06-23 20:00:00,66,9628.16
2020-06-23 21:00:00,44,9645.14
2020-06-23 22:00:00,49,9611.22
2020-06-23 23:00:00,36,9623.56
2020-06-24 00:00:00,25,9624.86
2020-06-24 01:00:00,69,9645.06
2020-06-24 02:00:00,33,9655.0
2020-06-24 03:00:00,31,9642.33
2020-06-24 04:00:00,21,9650.01
2020-06-24 05:00:00,49,9638.06
2020-06-24 06:00:00,36,9651.33
2020-06-24 07:00:00,22,9498.43
2020-06-24 08:00:00,66,9509.57
2020-06-24 09:00:00,63,9516.59
2020-06-24 10:00:00,81,9361.97
2020-06-24 11:00:00,62,9312.21
2020-06-24 12:00:00,54,9379.05
2020-06-24 13:00:00,79,9333.73
2020-06-24 14:00:00,79,9280.58
2020-06-24 15:00:00,81,9238.97
2020-06-24 16:00:00,82,9291.55
2020-06-24 17:00:00,59,9296.51
2020-06-24 18:00:00,53,9304.41
2020-06-24 19:00:00,26,9290.99
2020-06-24 20:00:00,41,9287.41
2020-06-24 21:00:00,44,9261.09
2020-06-24 22:00:00,31,9291.74
2020-06-24 23:00:00,26,9285.91
2020-06-25 00:00:00,36,9256.22
2020-06-25 01:00:00,36,9262.84
2020-06-25 02:00:00,48,9240.55
2020-06-25 03:00:00,49,9083.71
2020-06-25 04:00:00,30,9103.69
2020-06-25 05:00:00,38,9167.31
2020-06-25 06:00:00,13,9177.51
2020-06-25 07:00:00,55,9162.92
2020-06-25 08:00:00,55,9291.99
2020-06-25 09:00:00,46,9243.9
2020-06-25 10:00:00,79,9263.39
2020-06-25 11:00:00,37,9250.01
2020-06-25 12:00:00,236,9176.86
2020-06-25 13:00:00,77,9187.09
2020-06-25 14:00:00,68,9245.02
2020-06-25 15:00:00,74,9227.98
2020-06-25 16:00:00,51,9286.07
2020-06-25 17:00:00,78,9276.09
2020-06-25 18:00:00,89,9248.01
2020-06-25 19:00:00,31,9282.09
2020-06-25 20:00:00,46,9274.0
2020-06-25 21:00:00,16,9302.23
2020-06-25 22:00:00,25,9254.51
2020-06-25 23:00:00,60,9243.51
2020-06-26 00:00:00,30,9277.65
2020-06-26 01:00:00,40,9242.17
2020-06-26 02:00:00,45,9250.7
2020-06-26 03:00:00,45,9236.7
2020-06-26 04:00:00,41,9246.95
2020-06-26 05:00:00,35,9204.18
2020-06-26 06:00:00,48,9200.83
2020-06-26 07:00:00,33,9124.95
2020-06-26 08:00:00,56,9122.14
2020-06-26 09:00:00,69,9202.8
2020-06-26 10:00:00,53,9207.27
2020-06-26 11:00:00,49,9173.07
2020-06-26 12:00:00,42,9201.86
2020-06-26 13:00:00,54,9138.18
2020-06-26 14:00:00,89,9080.05
2020-06-26 15:00:00,68,9142.55
2020-06-26 16:00:00,87,9144.73
2020-06-26 17:00:00,43,9147.84
2020-06-26 18:00:00,37,9131.4
2020-06-26 19:00:00,41,9164.35
2020-06-26 20:00:00,58,9188.26
2020-06-26 21:00:00,57,9171.67
2020-06-26 22:00:00,30,9167.07
2020-06-26 23:00:00,59,9155.42
2020-06-27 00:00:00,20,9135.37
2020-06-27 01:00:00,35,9140.69
2020-06-27 02:00:00,29,9133.0
2020-06-27 03:00:00,27,9150.02
2020-06-27 04:00:00,20,9149.05
2020-06-27 05:00:00,28,9158.98
2020-06-27 06:00:00,22,9172.12
2020-06-27 07:00:00,29,9166.6
2020-06-27 08:00:00,23,9151.38
2020-06-27 09:00:00,34,9135.45
2020-06-27 10:00:00,27,9134.18
2020-06-27 11:00:00,31,9152.53
2020-06-27 12:00:00,24,9152.7
2020-06-27 13:00:00,39,9147.5
2020-06-27 14:00:00,36,9140.4
2020-06-27 15:00:00,40,9123.16
2020-06-27 16:00:00,32,9092.51
2020-06-27 17:00:00,31,9072.18
2020-06-27 18:00:00,24,9080.24
2020-06-27 19:00:00,19,8927.78
2020-06-27 20:00:00,36,8944.47
2020-06-27 21:00:00,32,9050.0
2020-06-27 22:00:00,17,8965.76
2020-06-27 23:00:00,33,9002.46
2020-06-28 00:00:00,48,8972.02
2020-06-28 01:00:00,29,8965.26
2020-06-28 02:00:00,39,8973.75
2020-06-28 03:00:00,27,8967.8
2020-06-28 04:00:00,21,8960.4
2020-06-28 05:00:00,22,8956.13
2020-06-28 06:00:00,14,9003.68
2020-06-28 07:00:00,20,9017.57
2020-06-28 08:00:00,24,9044.24
2020-06-28 09:00:00,48,9064.73
2020-06-28 10:00:00,31,9047.73
2020-06-28 11:00:00,24,9046.11
2020-06-28 12:00:00,51,9047.76
2020-06-28 13:00:00,46,9049.99
2020-06-28 14:00:00,44,9153.67
2020-06-28 15:00:00,47,9157.0
2020-06-28 16:00:00,36,9143.87
2020-06-28 17:00:00,40,9152.4
2020-06-28 18:00:00,30,9150.3
2020-06-28 19:00:00,35,9106.37
2020-06-28 20:00:00,53,9110.3
2020-06-28 21:00:00,19,9122.0
2020-06-28 22:00:00,17,9099.08
2020-06-28 23:00:00,33,9113.24
2020-06-29 00:00:00,29,9117.16
2020-06-29 01:00:00,33,9134.62
2020-06-29 02:00:00,49,9119.98
2020-06-29 03:00:00,34,9091.94
2020-06-29 04:00:00,29,9105.02
2020-06-29 05:00:00,18,9103.28
2020-06-29 06:00:00,50,9071.83
2020-06-29 07:00:00,53,9082.76
2020-06-29 08:00:00,40,9081.91
2020-06-29 09:00:00,54,9126.79
2020-06-29 10:00:00,67,9104.1
2020-06-29 11:00:00,53,9083.21
2020-06-29 12:00:00,54,9097.05
2020-06-29 13:00:00,70,9036.41
2020-06-29 14:00:00,66,9058.0
2020-06-29 15:00:00,74,9120.0
2020-06-29 16:00:00,63,9114.92
2020-06-29 17:00:00,60,9156.05
2020-06-29 18:00:00,43,9138.61
2020-06-29 19:00:00,53,9153.49
2020-06-29 20:00:00,47,9179.48
2020-06-29 21:00:00,38,9208.78
2020-06-29 22:00:00,10,9183.95
2020-06-29 23:00:00,35,9184.45
2020-06-30 00:00:00,25,9171.9
2020-06-30 01:00:00,79,9201.0
2020-06-30 02:00:00,48,9180.17
2020-06-30 03:00:00,30,9160.55
2020-06-30 04:00:00,56,9156.44
2020-06-30 05:00:00,45,9121.87
2020-06-30 06:00:00,43,9142.73
2020-06-30 07:00:00,18,9137.27
2020-06-30 08:00:00,48,9128.87
2020-06-30 09:00:00,53,9150.09
2020-06-30 10:00:00,54,9146.38
2020-06-30 11:00:00,58,9146.29
2020-06-30 12:00:00,48,9118.02
2020-06-30 13:00:00,69,9128.75
2020-06-30 14:00:00,53,9181.74
2020-06-30 15:00:00,59,9164.28
2020-06-30 16:00:00,64,9173.17
2020-06-30 17:00:00,43,9143.13
2020-06-30 18:00:00,50,9126.38
2020-06-30 19:00:00,39,9134.09
2020-06-30 20:00:00,78,9148.62
2020-06-30 21:00:00,40,9162.11
2020-06-30 22:00:00,45,9129.27
2020-06-30 23:00:00,47,9136.2
2020-07-01 00:00:00,70,9122.84
2020-07-01 01:00:00,54,9124.32
2020-07-01 02:00:00,56,9133.96
2020-07-01 03:00:00,59,9136.13
2020-07-01 04:00:00,39,9149.53
2020-07-01 05:00:00,65,9143.01
2020-07-01 06:00:00,53,9135.11
2020-07-01 07:00:00,43,9133.17
2020-07-01 08:00:00,56,9171.09
2020-07-01 09:00:00,40,9164.81
2020-07-01 10:00:00,38,9149.49
2020-07-01 11:00:00,64,9159.95
2020-07-01 12:00:00,47,9164.0
2020-07-01 13:00:00,22,9212.16
2020-07-01 14:00:00,41,9224.25
2020-07-01 15:00:00,70,9269.99
2020-07-01 16:00:00,30,9287.81
2020-07-01 17:00:00,54,9287.28
2020-07-01 18:00:00,63,9255.65
2020-07-01 19:00:00,38,9242.42
2020-07-01 20:00:00,52,9236.21
2020-07-01 21:00:00,53,9241.76
2020-07-01 22:00:00,44,9245.0
2020-07-01 23:00:00,39,9239.97
2020-07-02 00:00:00,60,9231.91
2020-07-02 01:00:00,53,9252.54
2020-07-02 02:00:00,31,9244.01
2020-07-02 03:00:00,82,9239.12
2020-07-02 04:00:00,36,9239.43
2020-07-02 05:00:00,66,9210.85
2020-07-02 06:00:00,58,9201.69
2020-07-02 07:00:00,73,9209.0
2020-07-02 08:00:00,96,9210.71
2020-07-02 09:00:00,132,9211.39
2020-07-02 10:00:00,69,9205.15
2020-07-02 11:00:00,108,9197.79
2020-07-02 12:00:00,43,9244.81
2020-07-02 13:00:00,75,9250.33
2020-07-02 14:00:00,9,9194.8
2020-07-02 15:00:00,42,9044.06
2020-07-02 16:00:00,115,9036.3
2020-07-02 17:00:00,82,9067.95
2020-07-02 18:00:00,51,9069.11
2020-07-02 19:00:00,33,9052.75
2020-07-02 20:00:00,24,9082.47
2020-07-02 21:00:00,41,9132.07
2020-07-02 22:00:00,84,9104.71
2020-07-02 23:00:00,36,9091.53
2020-07-03 00:00:00,37,9097.1
2020-07-03 01:00:00,31,9109.24
2020-07-03 02:00:00,35,9097.04
2020-07-03 03:00:00,39,9091.75
2020-07-03 04:00:00,34,9093.86
2020-07-03 05:00:00,57,9109.51
2020-07-03 06:00:00,40,9093.13
2020-07-03 07:00:00,57,9103.82
2020-07-03 08:00:00,79,9099.88
2020-07-03 09:00:00,57,9078.78
2020-07-03 10:00:00,28,9081.69
2020-07-03 11:00:00,33,9098.7
2020-07-03 12:00:00,69,9112.12
2020-07-03 13:00:00,89,9090.32
2020-07-03 14:00:00,86,9086.4
2020-07-03 15:00:00,54,9102.52
2020-07-03 16:00:00,122,9092.34
2020-07-03 17:00:00,72,9089.01
2020-07-03 18:00:00,41,9079.19
2020-07-03 19:00:00,93,9089.57
2020-07-03 20:00:00,38,9093.0
2020-07-03 21:00:00,37,9100.23
2020-07-03 22:00:00,62,9085.26
2020-07-03 23:00:00,24,9063.87
2020-07-04 00:00:00,35,9072.47
2020-07-04 01:00:00,38,9073.64
2020-07-04 02:00:00,34,9085.98
2020-07-04 03:00:00,28,9083.29
2020-07-04 04:00:00,38,9085.52
2020-07-04 05:00:00,29,9091.26
2020-07-04 06:00:00,33,9077.09
2020-07-04 07:00:00,42,9073.77
2020-07-04 08:00:00,21,9077.25
2020-07-04 09:00:00,56,9075.16
2020-07-04 10:00:00,44,9064.16
2020-07-04 11:00:00,40,9062.22
2020-07-04 12:00:00,34,9072.4
2020-07-04 13:00:00,36,9080.67
2020-07-04 14:00:00,31,9072.96
2020-07-04 15:00:00,21,9067.15
2020-07-04 16:00:00,34,9075.97
2020-07-04 17:00:00,16,9169.81
2020-07-04 18:00:00,30,9143.96
2020-07-04 19:00:00,50,9128.59
2020-07-04 20:00:00,62,9130.99
2020-07-04 21:00:00,45,9121.95
2020-07-04 22:00:00,27,9131.67
2020-07-04 23:00:00,14,9138.51
2020-07-05 00:00:00,30,9136.13
2020-07-05 01:00:00,21,9130.09
2020-07-05 02:00:00,19,9120.94
2020-07-05 03:00:00,34,9129.03
2020-07-05 04:00:00,48,9125.65
2020-07-05 05:00:00,110,9075.04
2020-07-05 06:00:00,41,9059.04
2020-07-05 07:00:00,22,9066.13
2020-07-05 08:00:00,27,9070.45
2020-07-05 09:00:00,11,9018.6
2020-07-05 10:00:00,31,9028.74
2020-07-05 11:00:00,17,9037.01
2020-07-05 12:00:00,29,9043.62
2020-07-05 13:00:00,29,9013.02
2020-07-05 14:00:00,20,9034.07
2020-07-05 15:00:00,25,9029.99
2020-07-05 16:00:00,24,9034.45
2020-07-05 17:00:00,37,9033.01
2020-07-05 18:00:00,21,9043.5
2020-07-05 19:00:00,9,9031.09
2020-07-05 20:00:00,9,9014.57
2020-07-05 21:00:00,18,9035.48
2020-07-05 22:00:00,30,9078.2
2020-07-05 23:00:00,25,9074.39
2020-07-06 00:00:00,29,9067.96
2020-07-06 01:00:00,56,9084.83
2020-07-06 02:00:00,81,9094.97
2020-07-06 03:00:00,73,9090.0
2020-07-06 04:00:00,55,9093.54
2020-07-06 05:00:00,76,9112.88
2020-07-06 06:00:00,55,9224.68
2020-07-06 07:00:00,81,9202.07
2020-07-06 08:00:00,54,9193.45
2020-07-06 09:00:00,79,9204.38
2020-07-06 10:00:00,46,9194.76
2020-07-06 11:00:00,59,9226.0
2020-07-06 12:00:00,61,9270.58
2020-07-06 13:00:00,60,9253.31
2020-07-06 14:00:00,72,9255.99
2020-07-06 15:00:00,80,9305.0
2020-07-06 16:00:00,96,9315.67
2020-07-06 17:00:00,38,9312.61
2020-07-06 18:00:00,70,9296.9
2020-07-06 19:00:00,78,9291.94
2020-07-06 20:00:00,47,9277.05
2020-07-06 21:00:00,46,9271.72
2020-07-06 22:00:00,54,9290.36
2020-07-06 23:00:00,87,9343.31
2020-07-07 00:00:00,37,9329.5
2020-07-07 01:00:00,43,9312.01
2020-07-07 02:00:00,54,9279.6
2020-07-07 03:00:00,40,9295.92
2020-07-07 04:00:00,53,9280.01
2020-07-07 05:00:00,43,9284.32
2020-07-07 06:00:00,56,9274.15
2020-07-07 07:00:00,37,9260.02
2020-07-07 08:00:00,62,9266.93
2020-07-07 09:00:00,62,9223.13
2020-07-07 10:00:00,37,9246.1
2020-07-07 11:00:00,65,9270.0
2020-07-07 12:00:00,30,9268.01
2020-07-07 13:00:00,46,9261.55
2020-07-07 14:00:00,57,9254.68
2020-07-07 15:00:00,82,9274.3
2020-07-07 16:00:00,119,9262.24
2020-07-07 17:00:00,61,9283.88
2020-07-07 18:00:00,61,9271.91
2020-07-07 19:00:00,57,9237.68
2020-07-07 20:00:00,31,9254.27
2020-07-07 21:00:00,19,9247.11
2020-07-07 22:00:00,38,9247.39
2020-07-07 23:00:00,73,9253.94
2020-07-08 00:00:00,34,9243.02
2020-07-08 01:00:00,119,9276.91
2020-07-08 02:00:00,44,9299.55
2020-07-08 03:00:00,32,9307.6
2020-07-08 04:00:00,26,9264.66
2020-07-08 05:00:00,41,9270.01
2020-07-08 06:00:00,36,9260.84
2020-07-08 07:00:00,36,9281.64
2020-07-08 08:00:00,50,9281.41
2020-07-08 09:00:00,54,9280.7
2020-07-08 10:00:00,35,9297.01
2020-07-08 11:00:00,33,9312.66
2020-07-08 12:00:00,82,9292.71
2020-07-08 13:00:00,55,9444.76
2020-07-08 14:00:00,88,9429.99
2020-07-08 15:00:00,62,9412.81
2020-07-08 16:00:00,127,9416.17
2020-07-08 17:00:00,183,9424.85
2020-07-08 18:00:00,48,9419.48
2020-07-08 19:00:00,51,9437.98
2020-07-08 20:00:00,74,9429.99
2020-07-08 21:00:00,38,9432.25
2020-07-08 22:00:00,59,9453.25
2020-07-08 23:00:00,46,9435.28
2020-07-09 00:00:00,76,9414.7
2020-07-09 01:00:00,39,9382.17
2020-07-09 02:00:00,37,9380.24
2020-07-09 03:00:00,37,9387.81
2020-07-09 04:00:00,36,9385.63
2020-07-09 05:00:00,40,9378.85
2020-07-09 06:00:00,31,9409.43
2020-07-09 07:00:00,50,9399.93
2020-07-09 08:00:00,55,9395.71
2020-07-09 09:00:00,43,9384.07
2020-07-09 10:00:00,67,9364.76
2020-07-09 11:00:00,54,9399.93
2020-07-09 12:00:00,52,9423.34
2020-07-09 13:00:00,69,9395.03
2020-07-09 14:00:00,62,9297.43
2020-07-09 15:00:00,61,9209.19
2020-07-09 16:00:00,58,9221.44
2020-07-09 17:00:00,72,9208.97
2020-07-09 18:00:00,43,9228.27
2020-07-09 19:00:00,47,9220.0
2020-07-09 20:00:00,59,9237.04
2020-07-09 21:00:00,46,9251.36
2020-07-09 22:00:00,26,9246.2
2020-07-09 23:00:00,39,9236.95
2020-07-10 00:00:00,27,9212.66
2020-07-10 01:00:00,43,9220.43
2020-07-10 02:00:00,39,9210.72
2020-07-10 03:00:00,48,9215.07
2020-07-10 04:00:00,37,9139.26
2020-07-10 05:00:00,33,9144.56
2020-07-10 06:00:00,51,9135.42
2020-07-10 07:00:00,38,9148.22
2020-07-10 08:00:00,56,9167.55
2020-07-10 09:00:00,48,9182.32
2020-07-10 10:00:00,51,9180.57
2020-07-10 11:00:00,53,9157.43
2020-07-10 12:00:00,35,9185.38
2020-07-10 13:00:00,108,9175.52
2020-07-10 14:00:00,57,9185.99
2020-07-10 15:00:00,35,9240.0
2020-07-10 16:00:00,121,9221.68
2020-07-10 17:00:00,55,9220.96
2020-07-10 18:00:00,44,9217.65
2020-07-10 19:00:00,33,9234.18
2020-07-10 20:00:00,64,9229.38
2020-07-10 21:00:00,38,9217.53
2020-07-10 22:00:00,41,9230.68
2020-07-10 23:00:00,47,9291.05
2020-07-11 00:00:00,40,9277.42
2020-07-11 01:00:00,40,9283.58
2020-07-11 02:00:00,29,9277.52
2020-07-11 03:00:00,51,9264.31
2020-07-11 04:00:00,37,9255.38
2020-07-11 05:00:00,40,9258.47
2020-07-11 06:00:00,22,9257.29
2020-07-11 07:00:00,57,9270.8
2020-07-11 08:00:00,34,9260.11
2020-07-11 09:00:00,22,9208.85
2020-07-11 10:00:00,56,9211.67
2020-07-11 11:00:00,52,9202.53
2020-07-11 12:00:00,42,9210.04
2020-07-11 13:00:00,30,9225.01
2020-07-11 14:00:00,45,9233.01
2020-07-11 15:00:00,36,9226.97
2020-07-11 16:00:00,26,9214.52
2020-07-11 17:00:00,17,9222.69
2020-07-11 18:00:00,24,9226.74
2020-07-11 19:00:00,24,9208.05
2020-07-11 20:00:00,26,9215.0
2020-07-11 21:00:00,31,9223.61
2020-07-11 22:00:00,23,9217.55
2020-07-11 23:00:00,19,9235.0
2020-07-12 00:00:00,23,9252.82
2020-07-12 01:00:00,15,9271.9
2020-07-12 02:00:00,28,9271.05
2020-07-12 03:00:00,29,9275.51
2020-07-12 04:00:00,23,9268.4
2020-07-12 05:00:00,32,9270.03
2020-07-12 06:00:00,20,9255.62
2020-07-12 07:00:00,33,9255.51
2020-07-12 08:00:00,30,9252.51
2020-07-12 09:00:00,35,9260.28
2020-07-12 10:00:00,28,9259.41
2020-07-12 11:00:00,36,9248.13
2020-07-12 12:00:00,24,9268.34
2020-07-12 13:00:00,28,9211.29
2020-07-12 14:00:00,27,9218.93
2020-07-12 15:00:00,33,9214.39
2020-07-12 16:00:00,29,9216.23
2020-07-12 17:00:00,17,9216.83
2020-07-12 18:00:00,24,9219.56
2020-07-12 19:00:00,24,9221.84
2020-07-12 20:00:00,25,9232.98
2020-07-12 21:00:00,28,9270.01
2020-07-12 22:00:00,17,9296.95
2020-07-12 23:00:00,43,9303.37
2020-07-13 00:00:00,97,9272.62
2020-07-13 01:00:00,70,9281.79
2020-07-13 02:00:00,53,9277.89
2020-07-13 03:00:00,33,9270.01
2020-07-13 04:00:00,45,9266.26
2020-07-13 05:00:00,30,9279.63
2020-07-13 06:00:00,44,9260.63
2020-07-13 07:00:00,12,9265.97
2020-07-13 08:00:00,65,9278.44
2020-07-13 09:00:00,49,9278.22
2020-07-13 10:00:00,76,9285.14
2020-07-13 11:00:00,51,9306.6
2020-07-13 12:00:00,61,9315.01
2020-07-13 13:00:00,62,9318.27
2020-07-13 14:00:00,64,9300.05
2020-07-13 15:00:00,58,9287.97
2020-07-13 16:00:00,43,9300.0
2020-07-13 17:00:00,49,9316.1
2020-07-13 18:00:00,51,9285.43
2020-07-13 19:00:00,45,9229.69
2020-07-13 20:00:00,59,9248.5
2020-07-13 21:00:00,61,9247.46
2020-07-13 22:00:00,59,9236.94
2020-07-13 23:00:00,67,9236.92
2020-07-14 00:00:00,37,9217.41
2020-07-14 01:00:00,60,9231.58
2020-07-14 02:00:00,61,9220.28
2020-07-14 03:00:00,36,9213.12
2020-07-14 05:00:00,73,9180.29
2020-07-14 06:00:00,32,9185.92
2020-07-14 07:00:00,25,9180.11
2020-07-14 08:00:00,23,9191.54
2020-07-14 09:00:00,62,9194.12
2020-07-14 10:00:00,39,9180.28
2020-07-14 11:00:00,45,9228.7
2020-07-14 12:00:00,60,9205.35
2020-07-14 13:00:00,46,9201.64
2020-07-14 14:00:00,39,9211.44
2020-07-14 15:00:00,57,9217.19
2020-07-14 16:00:00,63,9223.08
2020-07-14 17:00:00,42,9250.01
2020-07-14 18:00:00,34,9250.52
2020-07-14 19:00:00,27,9270.0
2020-07-14 20:00:00,42,9272.84
2020-07-14 21:00:00,55,9241.97
2020-07-14 22:00:00,35,9253.57
2020-07-14 23:00:00,57,9256.94
2020-07-15 00:00:00,43,9259.82
2020-07-15 01:00:00,39,9247.14
2020-07-15 02:00:00,36,9243.34
2020-07-15 03:00:00,34,9231.93
2020-07-15 04:00:00,28,9241.51
2020-07-15 05:00:00,28,9239.68
2020-07-15 06:00:00,25,9231.3
2020-07-15 07:00:00,38,9229.92
2020-07-15 08:00:00,34,9213.66
2020-07-15 09:00:00,9,9219.46
2020-07-15 10:00:00,77,9235.56
2020-07-15 11:00:00,69,9211.79
2020-07-15 12:00:00,23,9238.31
2020-07-15 13:00:00,96,9220.66
2020-07-15 14:00:00,34,9239.77
2020-07-15 15:00:00,53,9194.61
2020-07-15 16:00:00,27,9205.32
2020-07-15 17:00:00,63,9200.01
2020-07-15 18:00:00,21,9179.69
2020-07-15 19:00:00,56,9173.37
2020-07-15 20:00:00,15,9212.58
2020-07-15 21:00:00,76,9225.71
2020-07-15 22:00:00,39,9201.99
2020-07-15 23:00:00,30,9190.16
2020-07-16 00:00:00,45,9206.39
2020-07-16 01:00:00,45,9211.7
2020-07-16 02:00:00,36,9193.0
2020-07-16 03:00:00,19,9194.78
2020-07-16 04:00:00,34,9197.0
2020-07-16 05:00:00,30,9191.01
2020-07-16 06:00:00,9,9168.86
2020-07-16 07:00:00,62,9110.94
2020-07-16 08:00:00,29,9110.66
2020-07-16 09:00:00,63,9059.56
2020-07-16 10:00:00,49,9087.53
2020-07-16 11:00:00,38,9068.39
2020-07-16 12:00:00,57,9071.09
2020-07-16 13:00:00,67,9074.95
2020-07-16 14:00:00,41,9102.98
2020-07-16 15:00:00,29,9114.35
2020-07-16 16:00:00,71,9114.8
2020-07-16 17:00:00,78,9122.73
2020-07-16 18:00:00,18,9114.93
2020-07-16 19:00:00,65,9120.0
2020-07-16 20:00:00,27,9101.21
2020-07-16 21:00:00,8,9124.61
2020-07-16 22:00:00,55,9133.25
2020-07-16 23:00:00,63,9130.11
2020-07-17 00:00:00,26,9115.08
2020-07-17 01:00:00,42,9113.61
2020-07-17 02:00:00,32,9120.34
2020-07-17 03:00:00,24,9111.96
2020-07-17 04:00:00,15,9110.27
2020-07-17 05:00:00,55,9092.63
2020-07-17 06:00:00,27,9112.32
2020-07-17 07:00:00,69,9098.32
2020-07-17 08:00:00,39,9099.8
2020-07-17 09:00:00,46,9110.18
2020-07-17 10:00:00,23,9112.44
2020-07-17 11:00:00,56,9132.07
2020-07-17 12:00:00,47,9158.16
2020-07-17 13:00:00,48,9157.34
2020-07-17 14:00:00,51,9146.76
2020-07-17 15:00:00,53,9144.28
2020-07-17 16:00:00,91,9149.45
2020-07-17 17:00:00,28,9150.51
2020-07-17 18:00:00,37,9163.84
2020-07-17 19:00:00,26,9164.99
2020-07-17 20:00:00,21,9155.69
2020-07-17 21:00:00,66,9151.15
2020-07-17 22:00:00,37,9163.59
2020-07-17 23:00:00,40,9154.29
2020-07-18 00:00:00,33,9151.79
2020-07-18 01:00:00,15,9142.45
2020-07-18 02:00:00,44,9143.77
2020-07-18 03:00:00,55,9136.96
2020-07-18 04:00:00,44,9145.63
2020-07-18 05:00:00,34,9137.6
2020-07-18 06:00:00,29,9137.78
2020-07-18 07:00:00,39,9137.79
2020-07-18 08:00:00,38,9156.06
2020-07-18 09:00:00,29,9169.58
2020-07-18 10:00:00,24,9169.48
2020-07-18 11:00:00,55,9161.95
2020-07-18 12:00:00,44,9168.94
2020-07-18 13:00:00,46,9167.65
2020-07-18 14:00:00,26,9167.84
2020-07-18 15:00:00,55,9173.1
2020-07-18 16:00:00,10,9168.0
2020-07-18 17:00:00,67,9173.96
2020-07-18 18:00:00,55,9188.96
2020-07-18 19:00:00,25,9166.63
2020-07-18 20:00:00,28,9179.09
2020-07-18 21:00:00,23,9177.33
2020-07-18 22:00:00,31,9173.34
2020-07-18 23:00:00,34,9175.85
2020-07-19 00:00:00,25,9179.26
2020-07-19 01:00:00,30,9165.34
2020-07-19 02:00:00,35,9162.19
2020-07-19 03:00:00,18,9154.89
2020-07-19 04:00:00,34,9153.73
2020-07-19 05:00:00,36,9143.86
2020-07-19 06:00:00,9,9158.72
2020-07-19 07:00:00,33,9156.17
2020-07-19 08:00:00,53,9156.2
2020-07-19 09:00:00,33,9156.3
2020-07-19 10:00:00,21,9125.44
2020-07-19 11:00:00,48,9127.22
2020-07-19 12:00:00,46,9135.89
2020-07-19 13:00:00,33,9131.33
2020-07-19 14:00:00,42,9136.67
2020-07-19 15:00:00,27,9122.64
2020-07-19 16:00:00,24,9155.0
2020-07-19 17:00:00,26,9154.37
2020-07-19 18:00:00,32,9163.92
2020-07-19 19:00:00,21,9169.98
2020-07-19 20:00:00,54,9173.28
2020-07-19 21:00:00,18,9175.93
2020-07-19 22:00:00,14,9193.26
2020-07-19 23:00:00,20,9212.87
2020-07-20 00:00:00,41,9191.0
2020-07-20 01:00:00,38,9177.31
2020-07-20 02:00:00,40,9190.02
2020-07-20 03:00:00,28,9188.06
2020-07-20 04:00:00,49,9179.3
2020-07-20 05:00:00,32,9192.52
2020-07-20 06:00:00,49,9180.93
2020-07-20 07:00:00,43,9179.44
2020-07-20 08:00:00,48,9185.7
2020-07-20 09:00:00,56,9184.83
2020-07-20 10:00:00,25,9156.51
2020-07-20 11:00:00,68,9150.11
2020-07-20 12:00:00,48,9158.55
2020-07-20 13:00:00,58,9145.07
2020-07-20 14:00:00,62,9170.61
2020-07-20 15:00:00,56,9177.16
2020-07-20 16:00:00,33,9176.49
2020-07-20 17:00:00,41,9196.04
2020-07-20 18:00:00,33,9182.6
2020-07-20 19:00:00,49,9156.16
2020-07-20 20:00:00,32,9176.38
2020-07-20 21:00:00,68,9172.06
2020-07-20 22:00:00,65,9168.1
2020-07-20 23:00:00,61,9161.05
2020-07-21 00:00:00,64,9172.44
2020-07-21 01:00:00,13,9179.99
2020-07-21 02:00:00,59,9179.86
2020-07-21 03:00:00,34,9178.92
2020-07-21 04:00:00,32,9177.04
2020-07-21 05:00:00,33,9188.33
2020-07-21 06:00:00,31,9194.38
2020-07-21 07:00:00,57,9320.18
2020-07-21 08:00:00,54,9311.76
2020-07-21 09:00:00,49,9315.71
2020-07-21 10:00:00,51,9355.92
2020-07-21 11:00:00,30,9351.97
2020-07-21 12:00:00,63,9375.01
2020-07-21 13:00:00,41,9414.92
2020-07-21 14:00:00,58,9382.0
2020-07-21 15:00:00,52,9337.84
2020-07-21 16:00:00,37,9363.72
2020-07-21 17:00:00,92,9369.75
2020-07-21 18:00:00,25,9397.33
2020-07-21 19:00:00,38,9361.48
2020-07-21 20:00:00,30,9375.0
2020-07-21 21:00:00,15,9388.18
2020-07-21 22:00:00,55,9386.88
2020-07-21 23:00:00,54,9394.14
2020-07-22 00:00:00,37,9363.87
2020-07-22 01:00:00,12,9371.71
2020-07-22 02:00:00,99,9367.69
2020-07-22 03:00:00,31,9365.02
2020-07-22 04:00:00,74,9352.26
2020-07-22 05:00:00,57,9349.49
2020-07-22 06:00:00,40,9340.01
2020-07-22 07:00:00,61,9305.88
2020-07-22 08:00:00,44,9315.87
2020-07-22 09:00:00,47,9317.17
2020-07-22 10:00:00,47,9344.05
2020-07-22 11:00:00,42,9351.71
2020-07-22 12:00:00,55,9332.87
2020-07-22 13:00:00,30,9334.36
2020-07-22 14:00:00,53,9342.48
2020-07-22 15:00:00,56,9342.94
2020-07-22 16:00:00,40,9340.01
2020-07-22 17:00:00,62,9369.54
2020-07-22 18:00:00,48,9371.48
2020-07-22 19:00:00,32,9377.95
2020-07-22 20:00:00,51,9373.68
2020-07-22 21:00:00,28,9384.31
2020-07-22 22:00:00,26,9511.2
2020-07-22 23:00:00,37,9536.18
2020-07-23 00:00:00,57,9524.89
2020-07-23 01:00:00,35,9540.25
2020-07-23 02:00:00,43,9515.0
2020-07-23 03:00:00,22,9508.13
2020-07-23 04:00:00,25,9513.87
2020-07-23 05:00:00,46,9500.66
2020-07-23 06:00:00,44,9506.34
2020-07-23 07:00:00,38,9503.05
2020-07-23 08:00:00,28,9530.31
2020-07-23 09:00:00,54,9512.56
2020-07-23 10:00:00,63,9500.0
2020-07-23 11:00:00,41,9512.1
2020-07-23 12:00:00,56,9491.07
2020-07-23 13:00:00,67,9504.1
2020-07-23 14:00:00,56,9503.17
2020-07-23 15:00:00,43,9535.06
2020-07-23 16:00:00,68,9638.55
2020-07-23 17:00:00,41,9624.05
2020-07-23 18:00:00,78,9592.86
2020-07-23 19:00:00,73,9606.07
2020-07-23 20:00:00,46,9593.44
2020-07-23 21:00:00,41,9621.01
2020-07-23 22:00:00,61,9602.58
2020-07-23 23:00:00,56,9613.24
2020-07-24 00:00:00,43,9594.65
2020-07-24 01:00:00,47,9582.66
2020-07-24 02:00:00,23,9578.26
2020-07-24 03:00:00,42,9568.73
2020-07-24 04:00:00,34,9544.02
2020-07-24 05:00:00,26,9555.7
2020-07-24 06:00:00,57,9482.74
2020-07-24 07:00:00,49,9515.0
2020-07-24 08:00:00,43,9514.58
2020-07-24 09:00:00,54,9536.64
2020-07-24 10:00:00,32,9548.99
2020-07-24 11:00:00,53,9531.76
2020-07-24 12:00:00,56,9530.01
2020-07-24 13:00:00,50,9517.04
2020-07-24 14:00:00,49,9546.45
2020-07-24 15:00:00,30,9558.88
2020-07-24 16:00:00,74,9590.12
2020-07-24 17:00:00,50,9570.99
2020-07-24 18:00:00,30,9593.33
2020-07-24 19:00:00,30,9593.49
2020-07-24 20:00:00,34,9629.73
2020-07-24 21:00:00,50,9610.25
2020-07-24 22:00:00,35,9550.01
2020-07-24 23:00:00,28,9551.21
2020-07-25 00:00:00,40,9549.63
2020-07-25 01:00:00,36,9577.24
2020-07-25 02:00:00,29,9579.1
2020-07-25 03:00:00,49,9589.76
2020-07-25 04:00:00,19,9592.85
2020-07-25 05:00:00,34,9598.27
2020-07-25 06:00:00,28,9597.68
2020-07-25 07:00:00,59,9581.11
2020-07-25 08:00:00,40,9597.12
2020-07-25 09:00:00,57,9582.82
2020-07-25 10:00:00,35,9588.84
2020-07-25 11:00:00,23,9587.19
2020-07-25 12:00:00,21,9614.81
2020-07-25 13:00:00,10,9593.0
2020-07-25 14:00:00,52,9594.11
2020-07-25 15:00:00,30,9603.47
2020-07-25 16:00:00,31,9629.08
2020-07-25 17:00:00,20,9708.0
2020-07-25 18:00:00,31,9679.4
2020-07-25 19:00:00,28,9687.12
2020-07-25 20:00:00,19,9731.0
2020-07-25 21:00:00,24,9702.38
2020-07-25 22:00:00,27,9715.97
2020-07-25 23:00:00,19,9711.33
2020-07-26 00:00:00,14,9697.84
2020-07-26 01:00:00,26,9674.52
2020-07-26 02:00:00,34,9681.51
2020-07-26 03:00:00,30,9686.6
2020-07-26 04:00:00,24,9677.84
2020-07-26 05:00:00,6,9688.0
2020-07-26 06:00:00,14,9709.08
2020-07-26 07:00:00,20,9725.0
2020-07-26 08:00:00,23,9785.7
2020-07-26 09:00:00,29,9851.38
2020-07-26 10:00:00,27,10016.92
2020-07-26 11:00:00,55,9973.74
2020-07-26 12:00:00,33,9883.7
2020-07-26 13:00:00,39,9893.01
2020-07-26 14:00:00,31,9955.35
2020-07-26 15:00:00,33,9969.99
2020-07-26 16:00:00,47,9902.58
2020-07-26 17:00:00,35,9914.95
2020-07-26 18:00:00,29,9927.8
2020-07-26 19:00:00,19,9873.65
2020-07-26 20:00:00,37,9898.01
2020-07-26 21:00:00,50,9888.33
2020-07-26 22:00:00,23,9928.25
2020-07-26 23:00:00,36,9941.0
2020-07-27 00:00:00,27,9985.0
2020-07-27 01:00:00,65,10093.72
2020-07-27 02:00:00,68,10066.1
2020-07-27 03:00:00,63,10265.77
2020-07-27 04:00:00,63,10218.24
2020-07-27 05:00:00,38,10298.21
2020-07-27 06:00:00,69,10286.37
2020-07-27 07:00:00,50,10165.42
2020-07-27 08:00:00,62,10177.78
2020-07-27 09:00:00,78,10260.47
2020-07-27 10:00:00,70,10270.34
2020-07-27 11:00:00,78,10268.45
2020-07-27 12:00:00,67,10305.0
2020-07-27 13:00:00,69,10371.35
2020-07-27 14:00:00,91,10431.1
2020-07-27 15:00:00,56,10309.22
2020-07-27 16:00:00,124,10744.17
2020-07-27 17:00:00,96,10889.5
2020-07-27 18:00:00,67,10858.55
2020-07-27 19:00:00,54,10804.85
2020-07-27 20:00:00,34,10894.61
2020-07-27 21:00:00,54,11116.17
2020-07-27 22:00:00,97,11242.71
2020-07-27 23:00:00,92,11048.91
2020-07-28 00:00:00,112,11177.74
2020-07-28 01:00:00,119,11215.22
2020-07-28 02:00:00,46,10987.84
2020-07-28 03:00:00,53,10987.26
2020-07-28 04:00:00,52,11061.51
2020-07-28 05:00:00,36,10893.34
2020-07-28 06:00:00,58,10952.57
2020-07-28 07:00:00,75,10889.19
2020-07-28 08:00:00,67,10737.45
2020-07-28 09:00:00,87,10780.96
2020-07-28 10:00:00,38,10821.08
2020-07-28 11:00:00,105,10991.14
2020-07-28 12:00:00,61,10998.12
2020-07-28 13:00:00,67,10996.0
2020-07-28 14:00:00,75,11189.07
2020-07-28 15:00:00,38,11174.87
2020-07-28 16:00:00,177,10975.11
2020-07-28 17:00:00,86,10955.96
2020-07-28 18:00:00,87,10933.14
2020-07-28 19:00:00,48,11011.99
2020-07-28 20:00:00,47,10980.37
2020-07-28 21:00:00,53,11018.91
2020-07-28 22:00:00,76,10966.74
2020-07-28 23:00:00,32,10934.23
2020-07-29 00:00:00,61,10888.0
2020-07-29 01:00:00,31,10909.97
2020-07-29 02:00:00,36,10915.01
2020-07-29 03:00:00,67,10985.74
2020-07-29 04:00:00,37,10951.81
2020-07-29 05:00:00,56,10959.97
2020-07-29 06:00:00,47,11079.98
2020-07-29 07:00:00,51,11021.32
2020-07-29 08:00:00,45,11134.07
2020-07-29 09:00:00,36,11029.72
2020-07-29 10:00:00,52,11059.87
2020-07-29 11:00:00,48,11103.96
2020-07-29 12:00:00,49,11112.1
2020-07-29 13:00:00,59,11096.68
2020-07-29 14:00:00,45,11110.75
2020-07-29 15:00:00,86,11171.42
2020-07-29 16:00:00,27,11280.0
2020-07-29 17:00:00,90,11181.87
2020-07-29 18:00:00,48,11222.24
2020-07-29 19:00:00,44,11215.6
2020-07-29 20:00:00,89,11219.9
2020-07-29 21:00:00,47,11301.88
2020-07-29 22:00:00,46,11260.55
2020-07-29 23:00:00,39,11110.12
2020-07-30 00:00:00,75,11127.49
2020-07-30 01:00:00,29,11059.4
2020-07-30 02:00:00,46,10985.15
2020-07-30 03:00:00,46,11000.01
2020-07-30 04:00:00,39,11033.01
2020-07-30 05:00:00,45,11000.01
2020-07-30 06:00:00,57,11002.4
2020-07-30 07:00:00,67,10940.0
2020-07-30 08:00:00,13,11014.04
2020-07-30 09:00:00,69,10982.47
2020-07-30 10:00:00,83,10938.98
2020-07-30 11:00:00,58,10926.1
2020-07-30 12:00:00,37,10940.19
2020-07-30 13:00:00,80,11022.25
2020-07-30 14:00:00,57,10968.9
2020-07-30 15:00:00,47,11016.04
2020-07-30 16:00:00,100,11020.2
2020-07-30 17:00:00,57,11049.58
2020-07-30 18:00:00,68,11100.0
2020-07-30 19:00:00,45,11137.18
2020-07-30 20:00:00,42,11150.3
2020-07-30 21:00:00,40,11099.21
2020-07-30 22:00:00,43,11186.71
2020-07-30 23:00:00,15,11115.95
2020-07-31 00:00:00,53,11059.27
2020-07-31 01:00:00,50,11030.17
2020-07-31 02:00:00,37,11005.0
2020-07-31 03:00:00,34,10992.56
2020-07-31 04:00:00,22,11067.62
2020-07-31 05:00:00,56,11045.74
2020-07-31 06:00:00,3,11154.57
2020-07-31 07:00:00,55,11145.99
2020-07-31 08:00:00,50,11135.02
2020-07-31 09:00:00,42,11120.85
2020-07-31 10:00:00,49,11179.66
2020-07-31 11:00:00,51,11225.2
2020-07-31 12:00:00,79,11243.97
2020-07-31 13:00:00,56,11163.19
2020-07-31 14:00:00,82,11269.99
2020-07-31 15:00:00,83,11365.66
2020-07-31 16:00:00,78,11367.76
2020-07-31 17:00:00,74,11292.46
2020-07-31 18:00:00,58,11257.17
2020-07-31 19:00:00,42,11333.64
2020-07-31 20:00:00,47,11345.76
2020-07-31 21:00:00,75,11398.93
2020-07-31 22:00:00,78,11318.93
2020-07-31 23:00:00,49,11351.62
2020-08-01 00:00:00,18,11263.81
2020-08-01 01:00:00,53,11279.83
2020-08-01 02:00:00,33,11342.55
2020-08-01 03:00:00,49,11368.95
2020-08-01 04:00:00,40,11394.52
2020-08-01 05:00:00,42,11614.79
2020-08-01 06:00:00,58,11652.29
2020-08-01 07:00:00,36,11668.28
2020-08-01 08:00:00,78,11683.68
2020-08-01 09:00:00,54,11709.78
2020-08-01 10:00:00,25,11634.7
2020-08-01 11:00:00,64,11667.58
2020-08-01 12:00:00,47,11681.0
2020-08-01 13:00:00,66,11540.0
2020-08-01 14:00:00,45,11618.05
2020-08-01 15:00:00,36,11653.64
2020-08-01 16:00:00,27,11656.17
2020-08-01 17:00:00,42,11756.89
2020-08-01 18:00:00,58,11687.7
2020-08-01 19:00:00,20,11795.41
2020-08-01 20:00:00,29,11849.43
2020-08-01 21:00:00,94,11776.39
2020-08-01 22:00:00,54,11800.27
2020-08-01 23:00:00,50,11810.07
2020-08-02 00:00:00,37,11797.75
2020-08-02 01:00:00,29,11950.0
2020-08-02 02:00:00,42,11937.84
2020-08-02 03:00:00,37,12000.0
2020-08-02 04:00:00,43,11181.02
2020-08-02 05:00:00,24,11268.65
2020-08-02 06:00:00,64,11303.53
2020-08-02 07:00:00,20,11329.5
2020-08-02 08:00:00,47,11282.47
2020-08-02 09:00:00,50,11309.37
2020-08-02 10:00:00,44,11256.79
2020-08-02 11:00:00,33,11109.52
2020-08-02 12:00:00,49,10998.52
2020-08-02 13:00:00,54,11116.6
2020-08-02 14:00:00,23,11139.67
2020-08-02 15:00:00,32,11094.01
2020-08-02 16:00:00,34,11209.62
2020-08-02 17:00:00,22,11270.02
2020-08-02 18:00:00,31,11231.97
2020-08-02 19:00:00,35,11208.38
2020-08-02 20:00:00,11,11094.72
2020-08-02 21:00:00,34,11138.2
2020-08-02 22:00:00,23,11123.17
2020-08-02 23:00:00,23,11068.54
2020-08-03 00:00:00,21,11128.63
2020-08-03 01:00:00,21,11114.88
2020-08-03 02:00:00,40,11184.84
2020-08-03 03:00:00,35,11138.01
2020-08-03 04:00:00,40,11173.16
2020-08-03 05:00:00,20,11197.24
2020-08-03 06:00:00,35,11192.45
2020-08-03 07:00:00,33,11204.43
2020-08-03 08:00:00,53,11190.98
2020-08-03 09:00:00,38,11127.85
2020-08-03 10:00:00,37,11204.88
2020-08-03 11:00:00,39,11234.62
2020-08-03 12:00:00,48,11225.0
2020-08-03 13:00:00,76,11288.06
2020-08-03 14:00:00,68,11311.53
2020-08-03 15:00:00,72,11393.33
2020-08-03 16:00:00,91,11356.42
2020-08-03 17:00:00,67,11430.01
2020-08-03 18:00:00,54,11427.9
2020-08-03 19:00:00,26,11418.87
2020-08-03 20:00:00,76,11389.62
2020-08-03 21:00:00,44,11210.07
2020-08-03 22:00:00,37,11225.72
2020-08-03 23:00:00,29,11233.13
2020-08-04 00:00:00,33,11363.91
2020-08-04 01:00:00,24,11331.63
2020-08-04 02:00:00,46,11281.6
2020-08-04 03:00:00,31,11264.16
2020-08-04 04:00:00,21,11319.07
2020-08-04 05:00:00,32,11282.51
2020-08-04 06:00:00,38,11251.46
2020-08-04 07:00:00,65,11296.49
2020-08-04 08:00:00,27,11248.0
2020-08-04 09:00:00,80,11255.83
2020-08-04 10:00:00,51,11222.95
2020-08-04 11:00:00,37,11120.12
2020-08-04 12:00:00,57,11156.53
2020-08-04 13:00:00,30,11133.18
2020-08-04 14:00:00,35,11212.46
2020-08-04 15:00:00,59,11215.4
2020-08-04 16:00:00,28,11170.26
2020-08-04 17:00:00,37,11259.61
2020-08-04 18:00:00,21,11224.73
2020-08-04 19:00:00,54,11235.0
2020-08-04 20:00:00,31,11217.04
2020-08-04 21:00:00,50,11236.08
2020-08-04 22:00:00,32,11237.43
2020-08-04 23:00:00,34,11197.04
2020-08-05 00:00:00,27,11178.0
2020-08-05 01:00:00,43,11190.51
2020-08-05 02:00:00,31,11196.74
2020-08-05 03:00:00,50,11243.54
2020-08-05 04:00:00,29,11253.61
2020-08-05 05:00:00,22,11297.34
2020-08-05 06:00:00,36,11279.57
2020-08-05 07:00:00,41,11279.32
2020-08-05 08:00:00,71,11299.61
2020-08-05 09:00:00,40,11398.78
2020-08-05 10:00:00,13,11400.64
2020-08-05 11:00:00,54,11444.92
2020-08-05 12:00:00,43,11576.28
2020-08-05 13:00:00,57,11630.0
2020-08-05 14:00:00,29,11634.15
2020-08-05 15:00:00,55,11682.43
2020-08-05 16:00:00,74,11649.07
2020-08-05 17:00:00,53,11687.62
2020-08-05 18:00:00,31,11676.45
2020-08-05 19:00:00,43,11666.52
2020-08-05 20:00:00,20,11697.0
2020-08-05 21:00:00,54,11783.06
2020-08-05 22:00:00,42,11633.03
2020-08-05 23:00:00,24,11756.75
2020-08-06 00:00:00,33,11736.98
2020-08-06 01:00:00,19,11684.13
2020-08-06 02:00:00,47,11702.27
2020-08-06 03:00:00,39,11661.6
2020-08-06 04:00:00,36,11621.65
2020-08-06 05:00:00,51,11643.72
2020-08-06 06:00:00,41,11683.87
2020-08-06 07:00:00,72,11643.64
2020-08-06 08:00:00,23,11717.26
2020-08-06 09:00:00,30,11746.45
2020-08-06 10:00:00,35,11683.8
2020-08-06 11:00:00,59,11704.3
2020-08-06 12:00:00,60,11775.0
2020-08-06 13:00:00,51,11878.45
2020-08-06 14:00:00,69,11812.45
2020-08-06 15:00:00,101,11856.63
2020-08-06 16:00:00,70,11843.23
2020-08-06 17:00:00,64,11875.0
2020-08-06 18:00:00,47,11858.92
2020-08-06 19:00:00,53,11880.0
2020-08-06 20:00:00,68,11857.51
2020-08-06 21:00:00,62,11754.1
2020-08-06 22:00:00,34,11796.01
2020-08-06 23:00:00,47,11773.89
2020-08-07 00:00:00,40,11796.25
2020-08-07 01:00:00,66,11834.43
2020-08-07 02:00:00,57,11863.95
2020-08-07 03:00:00,38,11832.69
2020-08-07 04:00:00,62,11823.86
2020-08-07 05:00:00,15,11794.1
2020-08-07 06:00:00,79,11820.15
2020-08-07 07:00:00,46,11793.21
2020-08-07 08:00:00,64,11834.22
2020-08-07 09:00:00,74,11820.84
2020-08-07 10:00:00,68,11798.03
2020-08-07 11:00:00,36,11763.57
2020-08-07 12:00:00,80,11760.0
2020-08-07 13:00:00,68,11745.78
2020-08-07 14:00:00,80,11641.35
2020-08-07 15:00:00,56,11648.71
2020-08-07 16:00:00,59,11601.88
2020-08-07 17:00:00,52,11551.96
2020-08-07 18:00:00,64,11497.27
2020-08-07 19:00:00,80,11513.26
2020-08-07 20:00:00,63,11576.47
2020-08-07 21:00:00,55,11611.88
2020-08-07 22:00:00,25,11595.83
2020-08-07 23:00:00,17,11606.52
2020-08-08 00:00:00,36,11612.59
2020-08-08 01:00:00,41,11642.18
2020-08-08 02:00:00,27,11625.68
2020-08-08 03:00:00,25,11555.05
2020-08-08 04:00:00,16,11549.0
2020-08-08 05:00:00,14,11623.91
2020-08-08 06:00:00,12,11616.5
2020-08-08 07:00:00,46,11600.0
2020-08-08 08:00:00,24,11592.58
2020-08-08 09:00:00,17,11757.49
2020-08-08 10:00:00,21,11749.16
2020-08-08 11:00:00,21,11786.99
2020-08-08 12:00:00,23,11785.1
2020-08-08 13:00:00,38,11762.25
2020-08-08 14:00:00,49,11751.46
2020-08-08 15:00:00,28,11751.73
2020-08-08 16:00:00,42,11700.0
2020-08-08 17:00:00,15,11717.96
2020-08-08 18:00:00,37,11681.16
2020-08-08 19:00:00,20,11719.61
2020-08-08 20:00:00,23,11720.01
2020-08-08 21:00:00,30,11772.0
2020-08-08 22:00:00,29,11750.0
2020-08-08 23:00:00,19,11774.98
2020-08-09 00:00:00,43,11768.9
2020-08-09 01:00:00,20,11710.36
2020-08-09 02:00:00,34,11728.53
2020-08-09 03:00:00,7,11744.93
2020-08-09 04:00:00,10,11700.03
2020-08-09 05:00:00,37,11650.74
2020-08-09 06:00:00,24,11670.31
2020-08-09 07:00:00,16,11702.57
2020-08-09 08:00:00,13,11689.88
2020-08-09 09:00:00,28,11657.38
2020-08-09 10:00:00,21,11678.04
2020-08-09 11:00:00,22,11693.92
2020-08-09 12:00:00,42,11658.46
2020-08-09 13:00:00,45,11625.01
2020-08-09 14:00:00,36,11582.2
2020-08-09 15:00:00,59,11577.17
2020-08-09 16:00:00,23,11595.01
2020-08-09 17:00:00,40,11536.59
2020-08-09 18:00:00,47,11644.14
2020-08-09 19:00:00,25,11635.02
2020-08-09 20:00:00,31,11681.87
2020-08-09 21:00:00,30,11649.99
2020-08-09 22:00:00,25,11695.21
2020-08-09 23:00:00,23,11688.48
2020-08-10 00:00:00,25,11749.33
2020-08-10 01:00:00,43,11862.6
2020-08-10 02:00:00,28,12012.0
2020-08-10 03:00:00,40,12035.66
2020-08-10 04:00:00,15,12000.0
2020-08-10 05:00:00,38,11984.0
2020-08-10 06:00:00,31,12008.83
2020-08-10 07:00:00,41,11985.97
2020-08-10 08:00:00,6,11988.54
2020-08-10 09:00:00,50,11980.85
2020-08-10 10:00:00,52,11693.94
2020-08-10 11:00:00,71,11744.02
2020-08-10 12:00:00,45,11884.13
2020-08-10 13:00:00,20,11945.08
2020-08-10 14:00:00,71,11909.07
2020-08-10 15:00:00,61,11937.28
2020-08-10 16:00:00,45,11889.79
2020-08-10 17:00:00,54,11899.01
2020-08-10 18:00:00,19,11888.83
2020-08-10 19:00:00,65,11872.08
2020-08-10 20:00:00,43,11863.32
2020-08-10 21:00:00,25,11850.51
2020-08-10 22:00:00,39,11826.14
2020-08-10 23:00:00,23,11899.73
2020-08-11 00:00:00,22,11883.78
2020-08-11 01:00:00,43,11933.28
2020-08-11 02:00:00,25,11863.83
2020-08-11 03:00:00,20,11836.52
2020-08-11 04:00:00,30,11830.96
2020-08-11 05:00:00,46,11859.45
2020-08-11 06:00:00,27,11755.0
2020-08-11 07:00:00,30,11755.98
2020-08-11 08:00:00,29,11718.61
2020-08-11 09:00:00,35,11703.55
2020-08-11 10:00:00,37,11740.08
2020-08-11 11:00:00,21,11748.73
2020-08-11 12:00:00,37,11671.35
2020-08-11 13:00:00,95,11656.32
2020-08-11 14:00:00,15,11574.75
2020-08-11 15:00:00,57,11488.19
2020-08-11 16:00:00,53,11432.99
2020-08-11 17:00:00,47,11494.34
2020-08-11 18:00:00,48,11449.81
2020-08-11 19:00:00,58,11388.94
2020-08-11 20:00:00,59,11211.99
2020-08-11 21:00:00,24,11296.72
2020-08-11 22:00:00,49,11348.74
2020-08-11 23:00:00,52,11388.53
2020-08-12 00:00:00,33,11331.51
2020-08-12 01:00:00,43,11345.07
2020-08-12 02:00:00,24,11248.79
2020-08-12 03:00:00,35,11384.29
2020-08-12 04:00:00,52,11307.77
2020-08-12 05:00:00,36,11262.92
2020-08-12 06:00:00,40,11330.22
2020-08-12 07:00:00,57,11451.09
2020-08-12 08:00:00,78,11434.82
2020-08-12 09:00:00,74,11478.51
2020-08-12 10:00:00,49,11521.17
2020-08-12 11:00:00,82,11467.91
2020-08-12 12:00:00,71,11517.37
2020-08-12 13:00:00,99,11570.54
2020-08-12 14:00:00,69,11596.96
2020-08-12 15:00:00,59,11582.73
2020-08-12 16:00:00,74,11552.68
2020-08-12 17:00:00,80,11542.3
2020-08-12 18:00:00,19,11527.54
2020-08-12 19:00:00,95,11578.59
2020-08-12 20:00:00,33,11567.71
2020-08-12 21:00:00,53,11502.8
2020-08-12 22:00:00,55,11551.16
2020-08-12 23:00:00,66,11566.45
2020-08-13 00:00:00,43,11636.09
2020-08-13 01:00:00,53,11609.52
2020-08-13 02:00:00,76,11571.26
2020-08-13 03:00:00,61,11576.09
2020-08-13 04:00:00,59,11555.83
2020-08-13 05:00:00,49,11536.59
2020-08-13 06:00:00,48,11558.01
2020-08-13 07:00:00,50,11525.07
2020-08-13 08:00:00,43,11422.82
2020-08-13 09:00:00,34,11404.43
2020-08-13 10:00:00,22,11482.41
2020-08-13 11:00:00,36,11558.3
2020-08-13 12:00:00,62,11470.88
2020-08-13 13:00:00,43,11513.07
2020-08-13 14:00:00,49,11531.76
2020-08-13 15:00:00,73,11503.78
2020-08-13 16:00:00,91,11533.23
2020-08-13 17:00:00,48,11529.54
2020-08-13 18:00:00,37,11495.91
2020-08-13 19:00:00,29,11518.35
2020-08-13 20:00:00,50,11619.28
2020-08-13 21:00:00,43,11700.41
2020-08-13 22:00:00,31,11739.75
2020-08-13 23:00:00,58,11795.95
2020-08-14 00:00:00,30,11773.32
2020-08-14 01:00:00,63,11812.28
2020-08-14 02:00:00,26,11747.2
2020-08-14 03:00:00,24,11743.95
2020-08-14 04:00:00,25,11739.98
2020-08-14 05:00:00,28,11740.95
2020-08-14 06:00:00,73,11696.42
2020-08-14 07:00:00,69,11719.55
2020-08-14 08:00:00,85,11698.28
2020-08-14 09:00:00,60,11712.04
2020-08-14 10:00:00,34,11743.33
2020-08-14 11:00:00,91,11774.75
2020-08-14 12:00:00,76,11750.09
2020-08-14 13:00:00,95,11724.97
2020-08-14 14:00:00,72,11716.43
2020-08-14 15:00:00,63,11750.0
2020-08-14 16:00:00,91,11828.43
2020-08-14 17:00:00,81,11801.68
2020-08-14 18:00:00,46,11836.29
2020-08-14 19:00:00,70,11815.28
2020-08-14 20:00:00,56,11774.77
2020-08-14 21:00:00,70,11777.33
2020-08-14 22:00:00,57,11792.34
2020-08-14 23:00:00,42,11779.0
2020-08-15 00:00:00,51,11930.21
2020-08-15 01:00:00,52,11935.98
2020-08-15 02:00:00,41,11903.27
2020-08-15 03:00:00,41,11901.03
2020-08-15 04:00:00,39,11874.62
2020-08-15 05:00:00,20,11898.0
2020-08-15 06:00:00,40,11894.55
2020-08-15 07:00:00,34,11902.54
2020-08-15 08:00:00,48,11878.41
2020-08-15 09:00:00,64,11902.61
2020-08-15 10:00:00,58,11869.31
2020-08-15 11:00:00,63,11852.26
2020-08-15 12:00:00,58,11753.06
2020-08-15 13:00:00,90,11803.12
2020-08-15 14:00:00,89,11815.0
2020-08-15 15:00:00,83,11860.89
2020-08-15 16:00:00,56,11860.65
2020-08-15 17:00:00,68,11864.66
2020-08-15 18:00:00,61,11885.23
2020-08-15 19:00:00,63,11842.93
2020-08-15 20:00:00,50,11870.09
2020-08-15 21:00:00,69,11902.64
2020-08-15 22:00:00,36,11864.07
2020-08-15 23:00:00,47,11859.24
2020-08-16 00:00:00,61,11815.6
2020-08-16 01:00:00,52,11897.83
2020-08-16 02:00:00,60,11877.5
2020-08-16 03:00:00,16,11933.97
2020-08-16 04:00:00,81,11900.68
2020-08-16 05:00:00,46,11902.83
2020-08-16 06:00:00,50,11892.23
2020-08-16 07:00:00,44,11863.04
2020-08-16 08:00:00,38,11847.91
2020-08-16 09:00:00,56,11874.0
2020-08-16 10:00:00,60,11790.84
2020-08-16 11:00:00,63,11753.94
2020-08-16 12:00:00,52,11779.53
2020-08-16 13:00:00,39,11817.31
2020-08-16 14:00:00,69,11811.86
2020-08-16 15:00:00,63,11866.01
2020-08-16 16:00:00,43,11867.25
2020-08-16 17:00:00,40,11837.92
2020-08-16 18:00:00,81,11837.93
2020-08-16 19:00:00,31,11824.46
2020-08-16 20:00:00,38,11849.92
2020-08-16 21:00:00,40,11861.61
2020-08-16 22:00:00,21,11910.0
2020-08-16 23:00:00,19,11918.84
2020-08-17 00:00:00,28,11851.59
2020-08-17 01:00:00,45,11849.18
2020-08-17 02:00:00,51,11863.88
2020-08-17 03:00:00,22,11847.43
2020-08-17 04:00:00,94,11813.02
2020-08-17 05:00:00,86,11800.0
2020-08-17 06:00:00,64,11804.07
2020-08-17 07:00:00,55,11815.33
2020-08-17 08:00:00,49,11875.44
2020-08-17 09:00:00,81,11857.66
2020-08-17 10:00:00,57,11866.56
2020-08-17 11:00:00,79,11914.53
2020-08-17 12:00:00,73,11888.57
2020-08-17 13:00:00,36,12124.99
2020-08-17 14:00:00,134,12177.45
2020-08-17 15:00:00,28,12429.09
2020-08-17 16:00:00,117,12395.7
2020-08-17 17:00:00,64,12384.05
2020-08-17 18:00:00,122,12329.0
2020-08-17 19:00:00,162,12342.86
2020-08-17 20:00:00,92,12326.02
2020-08-17 21:00:00,50,12335.38
2020-08-17 23:00:00,124,12304.26
2020-08-18 00:00:00,69,12347.86
2020-08-18 01:00:00,49,12340.82
2020-08-18 02:00:00,65,12363.75
2020-08-18 03:00:00,44,12314.02
2020-08-18 04:00:00,49,12253.11
2020-08-18 05:00:00,47,12234.02
2020-08-18 06:00:00,51,12262.27
2020-08-18 07:00:00,35,12264.94
2020-08-18 08:00:00,46,12250.89
2020-08-18 09:00:00,55,12222.75
2020-08-18 10:00:00,42,12279.06
2020-08-18 11:00:00,66,12179.0
2020-08-18 12:00:00,78,12256.04
2020-08-18 13:00:00,89,12173.91
2020-08-18 14:00:00,23,11944.44
2020-08-18 15:00:00,101,11937.72
2020-08-18 16:00:00,83,11988.2
2020-08-18 17:00:00,60,11989.91
2020-08-18 18:00:00,74,11986.01
2020-08-18 19:00:00,43,11989.35
2020-08-18 20:00:00,105,12026.52
2020-08-18 21:00:00,84,12075.0
2020-08-18 22:00:00,54,12053.25
2020-08-18 23:00:00,92,11950.0
2020-08-19 00:00:00,59,11992.26
2020-08-19 01:00:00,47,11974.06
2020-08-19 02:00:00,40,11921.15
2020-08-19 03:00:00,44,11841.42
2020-08-19 04:00:00,75,11763.71
2020-08-19 05:00:00,49,11718.27
2020-08-19 06:00:00,26,11730.71
2020-08-19 07:00:00,50,11823.79
2020-08-19 08:00:00,25,11791.78
2020-08-19 09:00:00,58,11794.24
2020-08-19 10:00:00,44,11806.91
2020-08-19 11:00:00,77,11848.25
2020-08-19 12:00:00,99,11864.91
2020-08-19 13:00:00,101,11874.22
2020-08-19 14:00:00,65,11757.45
2020-08-19 15:00:00,61,11734.15
2020-08-19 16:00:00,97,11753.98
2020-08-19 17:00:00,63,11782.24
2020-08-19 18:00:00,83,11734.99
2020-08-19 19:00:00,57,11653.64
2020-08-19 20:00:00,62,11715.0
2020-08-19 21:00:00,43,11712.72
2020-08-19 22:00:00,60,11748.0
2020-08-19 23:00:00,19,11758.87
2020-08-20 01:00:00,81,11756.75
2020-08-20 02:00:00,41,11743.44
2020-08-20 03:00:00,42,11705.28
2020-08-20 04:00:00,60,11718.74
2020-08-20 05:00:00,47,11702.23
2020-08-20 06:00:00,53,11768.56
2020-08-20 07:00:00,50,11702.64
2020-08-20 08:00:00,31,11764.03
2020-08-20 09:00:00,73,11782.76
2020-08-20 10:00:00,35,11778.23
2020-08-20 11:00:00,56,11819.0
2020-08-20 12:00:00,68,11783.64
2020-08-20 13:00:00,81,11823.47
2020-08-20 14:00:00,49,11851.0
2020-08-20 15:00:00,53,11867.24
2020-08-20 16:00:00,63,11856.49
2020-08-20 17:00:00,68,11829.5
2020-08-20 18:00:00,29,11871.69
2020-08-20 19:00:00,46,11856.61
2020-08-20 20:00:00,85,11860.56
2020-08-20 21:00:00,46,11840.04
2020-08-20 22:00:00,56,11832.45
2020-08-20 23:00:00,43,11864.26
2020-08-21 00:00:00,41,11838.54
2020-08-21 01:00:00,38,11813.3
2020-08-21 02:00:00,64,11804.32
2020-08-21 03:00:00,54,11867.17
2020-08-21 04:00:00,24,11871.94
2020-08-21 05:00:00,75,11851.71
2020-08-21 06:00:00,51,11829.95
2020-08-21 07:00:00,62,11838.03
2020-08-21 08:00:00,53,11828.96
2020-08-21 09:00:00,53,11779.73
2020-08-21 10:00:00,40,11763.4
2020-08-21 11:00:00,42,11718.53
2020-08-21 12:00:00,51,11765.28
2020-08-21 13:00:00,85,11693.06
2020-08-21 14:00:00,28,11741.17
2020-08-21 15:00:00,75,11726.68
2020-08-21 16:00:00,39,11669.71
2020-08-21 17:00:00,41,11697.83
2020-08-21 18:00:00,44,11674.99
2020-08-21 19:00:00,38,11673.97
2020-08-21 20:00:00,22,11615.15
2020-08-21 21:00:00,48,11534.92
2020-08-21 22:00:00,58,11550.64
2020-08-21 23:00:00,23,11529.22
2020-08-22 00:00:00,42,11410.9
2020-08-22 01:00:00,16,11447.99
2020-08-22 02:00:00,38,11454.84
2020-08-22 03:00:00,40,11475.0
2020-08-22 04:00:00,31,11420.62
2020-08-22 05:00:00,26,11469.88
2020-08-22 06:00:00,37,11563.76
2020-08-22 07:00:00,127,11582.3
2020-08-22 08:00:00,58,11576.98
2020-08-22 09:00:00,37,11588.31
2020-08-22 10:00:00,28,11571.35
2020-08-22 11:00:00,42,11565.49
2020-08-22 12:00:00,46,11591.32
2020-08-22 13:00:00,46,11599.99
2020-08-22 14:00:00,33,11623.67
2020-08-22 15:00:00,46,11587.17
2020-08-22 16:00:00,33,11586.55
2020-08-22 17:00:00,27,11606.17
2020-08-22 18:00:00,23,11608.7
2020-08-22 19:00:00,34,11594.62
2020-08-22 20:00:00,28,11609.07
2020-08-22 21:00:00,20,11676.98
2020-08-22 22:00:00,25,11672.71
2020-08-22 23:00:00,24,11672.93
2020-08-23 00:00:00,38,11650.84
2020-08-23 01:00:00,12,11652.06
2020-08-23 02:00:00,57,11615.16
2020-08-23 03:00:00,23,11608.43
2020-08-23 04:00:00,31,11609.35
2020-08-23 05:00:00,30,11584.18
2020-08-23 06:00:00,25,11613.36
2020-08-23 07:00:00,23,11620.34
2020-08-23 08:00:00,29,11575.1
2020-08-23 09:00:00,14,11590.95
2020-08-23 10:00:00,34,11534.0
2020-08-23 11:00:00,13,11531.97
2020-08-23 12:00:00,16,11561.44
2020-08-23 13:00:00,35,11596.65
2020-08-23 14:00:00,17,11625.56
2020-08-23 15:00:00,28,11650.76
2020-08-23 16:00:00,23,11641.0
2020-08-23 17:00:00,21,11636.67
2020-08-23 18:00:00,77,11666.26
2020-08-23 19:00:00,25,11689.2
2020-08-23 20:00:00,30,11667.95
2020-08-23 21:00:00,18,11675.82
2020-08-23 22:00:00,28,11651.77
2020-08-23 23:00:00,13,11650.01
2020-08-24 00:00:00,14,11634.09
2020-08-24 01:00:00,16,11639.48
2020-08-24 02:00:00,35,11653.55
2020-08-24 03:00:00,29,11684.69
2020-08-24 04:00:00,41,11679.94
2020-08-24 05:00:00,40,11660.66
2020-08-24 06:00:00,23,11755.59
