,open
2009-01-03,0.0
2009-01-09,0.0
2009-01-10,0.0
2009-01-11,0.0
2009-01-12,0.0
2009-01-13,0.0
2009-01-14,0.0
2009-01-15,0.0
2009-01-16,0.0
2009-01-17,0.0
2009-01-18,0.0
2009-01-19,0.0
2009-01-20,0.0
2009-01-21,0.0
2009-01-22,0.0
2009-01-23,0.0
2009-01-24,0.0
2009-01-25,0.0
2009-01-26,0.0
2009-01-27,0.0
2009-01-28,0.0
2009-01-29,0.0
2009-01-30,0.0
2009-01-31,0.0
2009-02-01,0.0
2009-02-02,0.0
2009-02-03,0.0
2009-02-04,0.0
2009-02-05,0.0
2009-02-06,0.0
2009-02-07,0.0
2009-02-08,0.0
2009-02-09,0.0
2009-02-10,0.0
2009-02-11,0.0
2009-02-12,0.0
2009-02-13,0.0
2009-02-14,0.0
2009-02-15,0.0
2009-02-16,0.0
2009-02-17,0.0
2009-02-18,0.0
2009-02-19,0.0
2009-02-20,0.0
2009-02-21,0.0
2009-02-22,0.0
2009-02-23,0.0
2009-02-24,0.0
2009-02-25,0.0
2009-02-26,0.0
2009-02-27,0.0
2009-02-28,0.0
2009-03-01,0.0
2009-03-02,0.0
2009-03-03,0.0
2009-03-04,0.0
2009-03-05,0.0
2009-03-06,0.0
2009-03-07,0.0
2009-03-08,0.0
2009-03-09,0.0
2009-03-10,0.0
2009-03-11,0.0
2009-03-12,0.0
2009-03-13,0.0
2009-03-14,0.0
2009-03-15,0.0
2009-03-16,0.0
2009-03-17,0.0
2009-03-18,0.0
2009-03-19,0.0
2009-03-20,0.0
2009-03-21,0.0
2009-03-22,0.0
2009-03-23,0.0
2009-03-24,0.0
2009-03-25,0.0
2009-03-26,0.0
2009-03-27,0.0
2009-03-28,0.0
2009-03-29,0.0
2009-03-30,0.0
2009-03-31,0.0
2009-04-01,0.0
2009-04-02,0.0
2009-04-03,0.0
2009-04-04,0.0
2009-04-05,0.0
2009-04-06,0.0
2009-04-07,0.0
2009-04-08,0.0
2009-04-09,0.0
2009-04-10,0.0
2009-04-11,0.0
2009-04-12,0.0
2009-04-13,0.0
2009-04-14,0.0
2009-04-15,0.0
2009-04-16,0.0
2009-04-17,0.0
2009-04-18,0.0
2009-04-19,0.0
2009-04-20,0.0
2009-04-21,0.0
2009-04-22,0.0
2009-04-23,0.0
2009-04-24,0.0
2009-04-25,0.0
2009-04-26,0.0
2009-04-27,0.0
2009-04-28,0.0
2009-04-29,0.0
2009-04-30,0.0
2009-05-01,0.0
2009-05-02,0.0
2009-05-03,0.0
2009-05-04,0.0
2009-05-05,0.0
2009-05-06,0.0
2009-05-07,0.0
2009-05-08,0.0
2009-05-09,0.0
2009-05-10,0.0
2009-05-11,0.0
2009-05-12,0.0
2009-05-13,0.0
2009-05-14,0.0
2009-05-15,0.0
2009-05-16,0.0
2009-05-17,0.0
2009-05-18,0.0
2009-05-19,0.0
2009-05-20,0.0
2009-05-21,0.0
2009-05-22,0.0
2009-05-23,0.0
2009-05-24,0.0
2009-05-25,0.0
2009-05-26,0.0
2009-05-27,0.0
2009-05-28,0.0
2009-05-29,0.0
2009-05-30,0.0
2009-05-31,0.0
2009-06-01,0.0
2009-06-02,0.0
2009-06-03,0.0
2009-06-04,0.0
2009-06-05,0.0
2009-06-06,0.0
2009-06-07,0.0
2009-06-08,0.0
2009-06-09,0.0
2009-06-10,0.0
2009-06-11,0.0
2009-06-12,0.0
2009-06-13,0.0
2009-06-14,0.0
2009-06-15,0.0
2009-06-16,0.0
2009-06-17,0.0
2009-06-18,0.0
2009-06-19,0.0
2009-06-20,0.0
2009-06-21,0.0
2009-06-22,0.0
2009-06-23,0.0
2009-06-24,0.0
2009-06-25,0.0
2009-06-26,0.0
2009-06-27,0.0
2009-06-28,0.0
2009-06-29,0.0
2009-06-30,0.0
2009-07-01,0.0
2009-07-02,0.0
2009-07-03,0.0
2009-07-04,0.0
2009-07-05,0.0
2009-07-06,0.0
2009-07-07,0.0
2009-07-08,0.0
2009-07-09,0.0
2009-07-10,0.0
2009-07-11,0.0
2009-07-12,0.0
2009-07-13,0.0
2009-07-14,0.0
2009-07-15,0.0
2009-07-16,0.0
2009-07-17,0.0
2009-07-18,0.0
2009-07-19,0.0
2009-07-20,0.0
2009-07-21,0.0
2009-07-22,0.0
2009-07-23,0.0
2009-07-24,0.0
2009-07-25,0.0
2009-07-26,0.0
2009-07-27,0.0
2009-07-28,0.0
2009-07-29,0.0
2009-07-30,0.0
2009-07-31,0.0
2009-08-01,0.0
2009-08-02,0.0
2009-08-03,0.0
2009-08-04,0.0
2009-08-05,0.0
2009-08-06,0.0
2009-08-07,0.0
2009-08-08,0.0
2009-08-09,0.0
2009-08-10,0.0
2009-08-11,0.0
2009-08-12,0.0
2009-08-13,0.0
2009-08-14,0.0
2009-08-15,0.0
2009-08-16,0.0
2009-08-17,0.0
2009-08-18,0.0
2009-08-19,0.0
2009-08-20,0.0
2009-08-21,0.0
2009-08-22,0.0
2009-08-23,0.0
2009-08-24,0.0
2009-08-25,0.0
2009-08-26,0.0
2009-08-27,0.0
2009-08-28,0.0
2009-08-29,0.0
2009-08-30,0.0
2009-08-31,0.0
2009-09-01,0.0
2009-09-02,0.0
2009-09-03,0.0
2009-09-04,0.0
2009-09-05,0.0
2009-09-06,0.0
2009-09-07,0.0
2009-09-08,0.0
2009-09-09,0.0
2009-09-10,0.0
2009-09-11,0.0
2009-09-12,0.0
2009-09-13,0.0
2009-09-14,0.0
2009-09-15,0.0
2009-09-16,0.0
2009-09-17,0.0
2009-09-18,0.0
2009-09-19,0.0
2009-09-20,0.0
2009-09-21,0.0
2009-09-22,0.0
2009-09-23,0.0
2009-09-24,0.0
2009-09-25,0.0
2009-09-26,0.0
2009-09-27,0.0
2009-09-28,0.0
2009-09-29,0.0
2009-09-30,0.0
2009-10-01,0.0
2009-10-02,0.0
2009-10-03,0.0
2009-10-04,0.0
2009-10-05,0.0
2009-10-06,0.0
2009-10-07,0.0
2009-10-08,0.0
2009-10-09,0.0
2009-10-10,0.0
2009-10-11,0.0
2009-10-12,0.0
2009-10-13,0.0
2009-10-14,0.0
2009-10-15,0.0
2009-10-16,0.0
2009-10-17,0.0
2009-10-18,0.0
2009-10-19,0.0
2009-10-20,0.0
2009-10-21,0.0
2009-10-22,0.0
2009-10-23,0.0
2009-10-24,0.0
2009-10-25,0.0
2009-10-26,0.0
2009-10-27,0.0
2009-10-28,0.0
2009-10-29,0.0
2009-10-30,0.0
2009-10-31,0.0
2009-11-01,0.0
2009-11-02,0.0
2009-11-03,0.0
2009-11-04,0.0
2009-11-05,0.0
2009-11-06,0.0
2009-11-07,0.0
2009-11-08,0.0
2009-11-09,0.0
2009-11-10,0.0
2009-11-11,0.0
2009-11-12,0.0
2009-11-13,0.0
2009-11-14,0.0
2009-11-15,0.0
2009-11-16,0.0
2009-11-17,0.0
2009-11-18,0.0
2009-11-19,0.0
2009-11-20,0.0
2009-11-21,0.0
2009-11-22,0.0
2009-11-23,0.0
2009-11-24,0.0
2009-11-25,0.0
2009-11-26,0.0
2009-11-27,0.0
2009-11-28,0.0
2009-11-29,0.0
2009-11-30,0.0
2009-12-01,0.0
2009-12-02,0.0
2009-12-03,0.0
2009-12-04,0.0
2009-12-05,0.0
2009-12-06,0.0
2009-12-07,0.0
2009-12-08,0.0
2009-12-09,0.0
2009-12-10,0.0
2009-12-11,0.0
2009-12-12,0.0
2009-12-13,0.0
2009-12-14,0.0
2009-12-15,0.0
2009-12-16,0.0
2009-12-17,0.0
2009-12-18,0.0
2009-12-19,0.0
2009-12-20,0.0
2009-12-21,0.0
2009-12-22,0.0
2009-12-23,0.0
2009-12-24,0.0
2009-12-25,0.0
2009-12-26,0.0
2009-12-27,0.0
2009-12-28,0.0
2009-12-29,0.0
2009-12-30,0.0
2009-12-31,0.0
2010-01-01,0.0
2010-01-02,0.0
2010-01-03,0.0
2010-01-04,0.0
2010-01-05,0.0
2010-01-06,0.0
2010-01-07,0.0
2010-01-08,0.0
2010-01-09,0.0
2010-01-10,0.0
2010-01-11,0.0
2010-01-12,0.0
2010-01-13,0.0
2010-01-14,0.0
2010-01-15,0.0
2010-01-16,0.0
2010-01-17,0.0
2010-01-18,0.0
2010-01-19,0.0
2010-01-20,0.0
2010-01-21,0.0
2010-01-22,0.0
2010-01-23,0.0
2010-01-24,0.0
2010-01-25,0.0
2010-01-26,0.0
2010-01-27,0.0
2010-01-28,0.0
2010-01-29,0.0
2010-01-30,0.0
2010-01-31,0.0
2010-02-01,0.0
2010-02-02,0.0
2010-02-03,0.0
2010-02-04,0.0
2010-02-05,0.0
2010-02-06,0.0
2010-02-07,0.0
2010-02-08,0.0
2010-02-09,0.0
2010-02-10,0.0
2010-02-11,0.0
2010-02-12,0.0
2010-02-13,0.0
2010-02-14,0.0
2010-02-15,0.0
2010-02-16,0.0
2010-02-17,0.0
2010-02-18,0.0
2010-02-19,0.0
2010-02-20,0.0
2010-02-21,0.0
2010-02-22,0.0
2010-02-23,0.0
2010-02-24,0.0
2010-02-25,0.0
2010-02-26,0.0
2010-02-27,0.0
2010-02-28,0.0
2010-03-01,0.0
2010-03-02,0.0
2010-03-03,0.0
2010-03-04,0.0
2010-03-05,0.0
2010-03-06,0.0
2010-03-07,0.0
2010-03-08,0.0
2010-03-09,0.0
2010-03-10,0.0
2010-03-11,0.0
2010-03-12,0.0
2010-03-13,0.0
2010-03-14,0.0
2010-03-15,0.0
2010-03-16,0.0
2010-03-17,0.0
2010-03-18,0.0
2010-03-19,0.0
2010-03-20,0.0
2010-03-21,0.0
2010-03-22,0.0
2010-03-23,0.0
2010-03-24,0.0
2010-03-25,0.0
2010-03-26,0.0
2010-03-27,0.0
2010-03-28,0.0
2010-03-29,0.0
2010-03-30,0.0
2010-03-31,0.0
2010-04-01,0.0
2010-04-02,0.0
2010-04-03,0.0
2010-04-04,0.0
2010-04-05,0.0
2010-04-06,0.0
2010-04-07,0.0
2010-04-08,0.0
2010-04-09,0.0
2010-04-10,0.0
2010-04-11,0.0
2010-04-12,0.0
2010-04-13,0.0
2010-04-14,0.0
2010-04-15,0.0
2010-04-16,0.0
2010-04-17,0.0
2010-04-18,0.0
2010-04-19,0.0
2010-04-20,0.0
2010-04-21,0.0
2010-04-22,0.0
2010-04-23,0.0
2010-04-24,0.0
2010-04-25,0.0
2010-04-26,0.0
2010-04-27,0.0
2010-04-28,0.0
2010-04-29,0.0
2010-04-30,0.0
2010-05-01,0.0
2010-05-02,0.0
2010-05-03,0.0
2010-05-04,0.0
2010-05-05,0.0
2010-05-06,0.0
2010-05-07,0.0
2010-05-08,0.0
2010-05-09,0.0
2010-05-10,0.0
2010-05-11,0.0
2010-05-12,0.0
2010-05-13,0.0
2010-05-14,0.0
2010-05-15,0.0
2010-05-16,0.0
2010-05-17,0.0
2010-05-18,0.0
2010-05-19,0.0
2010-05-20,0.0
2010-05-21,0.0
2010-05-22,0.0
2010-05-23,0.0
2010-05-24,0.0
2010-05-25,0.0
2010-05-26,0.0
2010-05-27,0.0
2010-05-28,0.0
2010-05-29,0.0
2010-05-30,0.0
2010-05-31,0.0
2010-06-01,0.0
2010-06-02,0.0
2010-06-03,0.0
2010-06-04,0.0
2010-06-05,0.0
2010-06-06,0.0
2010-06-07,0.0
2010-06-08,0.0
2010-06-09,0.0
2010-06-10,0.0
2010-06-11,0.0
2010-06-12,0.0
2010-06-13,0.0
2010-06-14,0.0
2010-06-15,0.0
2010-06-16,0.0
2010-06-17,0.0
2010-06-18,0.0
2010-06-19,0.0
2010-06-20,0.0
2010-06-21,0.0
2010-06-22,0.0
2010-06-23,0.0
2010-06-24,0.0
2010-06-25,0.0
2010-06-26,0.0
2010-06-27,0.0
2010-06-28,0.0
2010-06-29,0.0
2010-06-30,0.0
2010-07-01,0.0
2010-07-02,0.0
2010-07-03,0.0
2010-07-04,0.0
2010-07-05,0.0
2010-07-06,0.0
2010-07-07,0.0
2010-07-08,0.0
2010-07-09,0.0
2010-07-10,0.0
2010-07-11,0.0
2010-07-12,0.0
2010-07-13,0.0
2010-07-14,0.0
2010-07-15,0.0
2010-07-16,0.0
2010-07-17,0.0
2010-07-18,0.0
2010-07-19,0.0
2010-07-20,0.0
2010-07-21,0.0
2010-07-22,0.0
2010-07-23,0.0
2010-07-24,0.0
2010-07-25,0.0
2010-07-26,0.0
2010-07-27,0.0
2010-07-28,0.0
2010-07-29,0.0
2010-07-30,0.0
2010-07-31,0.0
2010-08-01,0.0
2010-08-02,0.0
2010-08-03,0.0
2010-08-04,0.0
2010-08-05,0.0
2010-08-06,0.0
2010-08-07,0.0
2010-08-08,0.0
2010-08-09,0.0
2010-08-10,0.0
2010-08-11,0.0
2010-08-12,0.0
2010-08-13,0.0
2010-08-14,0.0
2010-08-15,0.0
2010-08-16,0.0
2010-08-17,0.0
2010-08-18,0.0
2010-08-19,0.0
2010-08-20,0.0
2010-08-21,0.0
2010-08-22,0.0
2010-08-23,0.0
2010-08-24,0.0
2010-08-25,0.0
2010-08-26,0.0
2010-08-27,0.0
2010-08-28,0.0
2010-08-29,0.0
2010-08-30,0.0
2010-08-31,0.0
2010-09-01,0.0
2010-09-02,0.0
2010-09-03,0.0
2010-09-04,0.0
2010-09-05,0.0
2010-09-06,0.0
2010-09-07,0.0
2010-09-08,0.0
2010-09-09,0.0
2010-09-10,0.0
2010-09-11,0.0
2010-09-12,0.0
2010-09-13,0.0
2010-09-14,0.0
2010-09-15,0.0
2010-09-16,0.0
2010-09-17,0.0
2010-09-18,0.0
2010-09-19,0.0
2010-09-20,0.0
2010-09-21,0.0
2010-09-22,0.0
2010-09-23,0.0
2010-09-24,0.0
2010-09-25,0.0
2010-09-26,0.0
2010-09-27,0.0
2010-09-28,0.0
2010-09-29,0.0
2010-09-30,0.0
2010-10-01,0.0
2010-10-02,0.0
2010-10-03,0.0
2010-10-04,0.0
2010-10-05,0.0
2010-10-06,0.0
2010-10-07,0.0
2010-10-08,0.0
2010-10-09,0.0
2010-10-10,0.0
2010-10-11,0.0
2010-10-12,0.0
2010-10-13,0.0
2010-10-14,0.0
2010-10-15,0.0
2010-10-16,0.0
2010-10-17,0.0
2010-10-18,0.0
2010-10-19,0.0
2010-10-20,0.0
2010-10-21,0.0
2010-10-22,0.0
2010-10-23,0.0
2010-10-24,0.0
2010-10-25,0.0
2010-10-26,0.0
2010-10-27,0.0
2010-10-28,0.0
2010-10-29,0.0
2010-10-30,0.0
2010-10-31,0.0
2010-11-01,0.0
2010-11-02,0.0
2010-11-03,0.0
2010-11-04,0.0
2010-11-05,0.0
2010-11-06,0.0
2010-11-07,0.0
2010-11-08,0.0
2010-11-09,0.0
2010-11-10,0.0
2010-11-11,0.0
2010-11-12,0.0
2010-11-13,0.0
2010-11-14,0.0
2010-11-15,0.0
2010-11-16,0.0
2010-11-17,0.0
2010-11-18,0.0
2010-11-19,0.0
2010-11-20,0.0
2010-11-21,0.0
2010-11-22,0.0
2010-11-23,0.0
2010-11-24,0.0
2010-11-25,0.0
2010-11-26,0.0
2010-11-27,0.0
2010-11-28,0.0
2010-11-29,0.0
2010-11-30,0.0
2010-12-01,0.0
2010-12-02,0.0
2010-12-03,0.0
2010-12-04,0.0
2010-12-05,0.0
2010-12-06,0.0
2010-12-07,0.0
2010-12-08,0.0
2010-12-09,0.0
2010-12-10,0.0
2010-12-11,0.0
2010-12-12,0.0
2010-12-13,0.0
2010-12-14,0.0
2010-12-15,0.0
2010-12-16,0.0
2010-12-17,0.0
2010-12-18,0.0
2010-12-19,0.0
2010-12-20,0.0
2010-12-21,0.0
2010-12-22,0.0
2010-12-23,0.0
2010-12-24,0.0
2010-12-25,0.0
2010-12-26,0.0
2010-12-27,0.0
2010-12-28,0.0
2010-12-29,0.0
2010-12-30,0.0
2010-12-31,0.0
2011-01-01,0.0
2011-01-02,0.0
2011-01-03,0.0
2011-01-04,0.0
2011-01-05,0.0
2011-01-06,0.0
2011-01-07,0.0
2011-01-08,0.0
2011-01-09,0.0
2011-01-10,0.0
2011-01-11,0.0
2011-01-12,0.0
2011-01-13,0.0
2011-01-14,0.0
2011-01-15,0.0
2011-01-16,0.0
2011-01-17,0.0
2011-01-18,0.0
2011-01-19,0.0
2011-01-20,0.0
2011-01-21,0.0
2011-01-22,0.0
2011-01-23,0.0
2011-01-24,0.0
2011-01-25,0.0
2011-01-26,0.0
2011-01-27,0.0
2011-01-28,0.0
2011-01-29,0.0
2011-01-30,0.0
2011-01-31,0.0
2011-02-01,0.0
2011-02-02,0.0
2011-02-03,0.0
2011-02-04,0.0
2011-02-05,0.0
2011-02-06,0.0
2011-02-07,0.0
2011-02-08,0.0
2011-02-09,0.0
2011-02-10,0.0
2011-02-11,0.0
2011-02-12,0.0
2011-02-13,0.0
2011-02-14,0.0
2011-02-15,0.0
2011-02-16,0.0
2011-02-17,0.0
2011-02-18,0.0
2011-02-19,0.0
2011-02-20,0.0
2011-02-21,0.0
2011-02-22,0.0
2011-02-23,0.0
2011-02-24,0.0
2011-02-25,0.0
2011-02-26,0.0
2011-02-27,0.0
2011-02-28,0.0
2011-03-01,0.0
2011-03-02,0.0
2011-03-03,0.0
2011-03-04,0.0
2011-03-05,0.0
2011-03-06,0.0
2011-03-07,0.0
2011-03-08,0.0
2011-03-09,0.0
2011-03-10,0.0
2011-03-11,0.0
2011-03-12,0.0
2011-03-13,0.0
2011-03-14,0.0
2011-03-15,0.0
2011-03-16,0.0
2011-03-17,0.0
2011-03-18,0.0
2011-03-19,0.0
2011-03-20,0.0
2011-03-21,0.0
2011-03-22,0.0
2011-03-23,0.0
2011-03-24,0.0
2011-03-25,0.0
2011-03-26,0.0
2011-03-27,0.0
2011-03-28,0.0
2011-03-29,0.0
2011-03-30,0.0
2011-03-31,0.0
2011-04-01,0.0
2011-04-02,0.0
2011-04-03,0.0
2011-04-04,0.0
2011-04-05,0.0
2011-04-06,0.0
2011-04-07,0.0
2011-04-08,0.0
2011-04-09,0.0
2011-04-10,0.0
2011-04-11,0.0
2011-04-12,0.0
2011-04-13,0.0
2011-04-14,0.0
2011-04-15,0.0
2011-04-16,0.0
2011-04-17,0.0
2011-04-18,0.0
2011-04-19,0.0
2011-04-20,0.0
2011-04-21,0.0
2011-04-22,0.0
2011-04-23,0.0
2011-04-24,0.0
2011-04-25,0.0
2011-04-26,0.0
2011-04-27,0.0
2011-04-28,0.0
2011-04-29,0.0
2011-04-30,0.0
2011-05-01,0.0
2011-05-02,0.0
2011-05-03,0.0
2011-05-04,0.0
2011-05-05,0.0
2011-05-06,0.0
2011-05-07,0.0
2011-05-08,0.0
2011-05-09,0.0
2011-05-10,0.0
2011-05-11,0.0
2011-05-12,0.0
2011-05-13,0.0
2011-05-14,0.0
2011-05-15,0.0
2011-05-16,0.0
2011-05-17,0.0
2011-05-18,0.0
2011-05-19,0.0
2011-05-20,0.0
2011-05-21,0.0
2011-05-22,0.0
2011-05-23,0.0
2011-05-24,0.0
2011-05-25,0.0
2011-05-26,0.0
2011-05-27,0.0
2011-05-28,0.0
2011-05-29,0.0
2011-05-30,0.0
2011-05-31,0.0
2011-06-01,0.0
2011-06-02,0.0
2011-06-03,0.0
2011-06-04,0.0
2011-06-05,0.0
2011-06-06,0.0
2011-06-07,0.0
2011-06-08,0.0
2011-06-09,0.0
2011-06-10,0.0
2011-06-11,0.0
2011-06-12,0.0
2011-06-13,0.0
2011-06-14,0.0
2011-06-15,0.0
2011-06-16,0.0
2011-06-17,0.0
2011-06-18,0.0
2011-06-19,0.0
2011-06-20,2.0
2011-06-21,0.0
2011-06-22,0.0
2011-06-23,0.0
2011-06-24,0.0
2011-06-25,0.0
2011-06-26,0.0
2011-06-27,0.0
2011-06-28,0.0
2011-06-29,0.0
2011-06-30,0.0
2011-07-01,0.0
2011-07-02,0.0
2011-07-03,0.0
2011-07-04,0.0
2011-07-05,0.0
2011-07-06,0.0
2011-07-07,0.0
2011-07-08,0.0
2011-07-09,0.0
2011-07-10,0.0
2011-07-11,0.0
2011-07-12,0.0
2011-07-13,0.0
2011-07-14,0.0
2011-07-15,0.0
2011-07-16,0.0
2011-07-17,0.0
2011-07-18,0.0
2011-07-19,0.0
2011-07-20,0.0
2011-07-21,0.0
2011-07-22,0.0
2011-07-23,0.0
2011-07-24,0.0
2011-07-25,0.0
2011-07-26,0.0
2011-07-27,0.0
2011-07-28,0.0
2011-07-29,0.0
2011-07-30,0.0
2011-07-31,0.0
2011-08-01,0.0
2011-08-02,0.0
2011-08-03,0.0
2011-08-04,0.0
2011-08-05,0.0
2011-08-06,0.0
2011-08-07,0.0
2011-08-08,0.0
2011-08-09,0.0
2011-08-10,0.0
2011-08-11,0.0
2011-08-12,0.0
2011-08-13,0.0
2011-08-14,0.0
2011-08-15,0.0
2011-08-16,0.0
2011-08-17,0.0
2011-08-18,0.0
2011-08-19,0.0
2011-08-20,0.0
2011-08-21,0.0
2011-08-22,0.0
2011-08-23,0.0
2011-08-24,0.0
2011-08-25,0.0
2011-08-26,0.0
2011-08-27,0.0
2011-08-28,0.0
2011-08-29,0.0
2011-08-30,0.0
2011-08-31,0.0
2011-09-01,0.0
2011-09-02,0.0
2011-09-03,0.0
2011-09-04,0.0
2011-09-05,0.0
2011-09-06,0.0
2011-09-07,0.0
2011-09-08,0.0
2011-09-09,0.0
2011-09-10,0.0
2011-09-11,0.0
2011-09-12,0.0
2011-09-13,0.0
2011-09-14,0.0
2011-09-15,0.0
2011-09-16,0.0
2011-09-17,0.0
2011-09-18,0.0
2011-09-19,0.0
2011-09-20,0.0
2011-09-21,0.0
2011-09-22,0.0
2011-09-23,0.0
2011-09-24,0.0
2011-09-25,0.0
2011-09-26,0.0
2011-09-27,0.0
2011-09-28,0.0
2011-09-29,0.0
2011-09-30,0.0
2011-10-01,0.0
2011-10-02,0.0
2011-10-03,0.0
2011-10-04,0.0
2011-10-05,0.0
2011-10-06,0.0
2011-10-07,0.0
2011-10-08,0.0
2011-10-09,0.0
2011-10-10,0.0
2011-10-11,0.0
2011-10-12,0.0
2011-10-13,0.0
2011-10-14,0.0
2011-10-15,0.0
2011-10-16,0.0
2011-10-17,0.0
2011-10-18,0.0
2011-10-19,0.0
2011-10-20,0.0
2011-10-21,0.0
2011-10-22,0.0
2011-10-23,0.0
2011-10-24,0.0
2011-10-25,0.0
2011-10-26,0.0
2011-10-27,0.0
2011-10-28,0.0
2011-10-29,0.0
2011-10-30,0.0
2011-10-31,0.0
2011-11-01,0.0
2011-11-02,0.0
2011-11-03,0.0
2011-11-04,0.0
2011-11-05,0.0
2011-11-06,0.0
2011-11-07,0.0
2011-11-08,0.0
2011-11-09,0.0
2011-11-10,0.0
2011-11-11,0.0
2011-11-12,0.0
2011-11-13,0.0
2011-11-14,0.0
2011-11-15,0.0
2011-11-16,0.0
2011-11-17,0.0
2011-11-18,0.0
2011-11-19,0.0
2011-11-20,0.0
2011-11-21,0.0
2011-11-22,0.0
2011-11-23,0.0
2011-11-24,0.0
2011-11-25,0.0
2011-11-26,0.0
2011-11-27,0.0
2011-11-28,0.0
2011-11-29,0.0
2011-11-30,0.0
2011-12-01,0.0
2011-12-02,0.0
2011-12-03,0.0
2011-12-04,0.0
2011-12-05,0.0
2011-12-06,0.0
2011-12-07,0.0
2011-12-08,0.0
2011-12-09,0.0
2011-12-10,0.0
2011-12-11,0.0
2011-12-12,0.0
2011-12-13,0.0
2011-12-14,0.0
2011-12-15,0.0
2011-12-16,0.0
2011-12-17,0.0
2011-12-18,0.0
2011-12-19,0.0
2011-12-20,0.0
2011-12-21,0.1
2011-12-22,0.0
2011-12-23,0.0
2011-12-24,0.0
2011-12-25,0.0
2011-12-26,0.0
2011-12-27,0.0
2011-12-28,0.0
2011-12-29,0.0
2011-12-30,0.0
2011-12-31,0.0
2012-01-01,0.0
2012-01-02,0.0
2012-01-03,0.0
2012-01-04,0.0
2012-01-05,0.0
2012-01-06,0.0
2012-01-07,0.0
2012-01-08,0.0
2012-01-09,0.0
2012-01-10,0.0
2012-01-11,0.0
2012-01-12,0.0
2012-01-13,0.0
2012-01-14,0.0
2012-01-15,0.0
2012-01-16,0.0
2012-01-17,0.0
2012-01-18,0.0
2012-01-19,0.0
2012-01-20,0.0
2012-01-21,0.0
2012-01-22,0.0
2012-01-23,0.0
2012-01-24,0.0
2012-01-25,0.0
2012-01-26,0.0
2012-01-27,0.0
2012-01-28,0.0
2012-01-29,0.0
2012-01-30,0.0
2012-01-31,0.0
2012-02-01,0.0
2012-02-02,0.0
2012-02-03,0.0
2012-02-04,0.0
2012-02-05,0.0
2012-02-06,0.0
2012-02-07,0.0
2012-02-08,0.0
2012-02-09,0.0
2012-02-10,0.0
2012-02-11,0.0
2012-02-12,0.0
2012-02-13,0.0
2012-02-14,0.0
2012-02-15,0.0
2012-02-16,0.0
2012-02-17,0.0
2012-02-18,0.0
2012-02-19,0.0
2012-02-20,0.0
2012-02-21,0.0
2012-02-22,0.0
2012-02-23,0.0
2012-02-24,0.0
2012-02-25,0.0
2012-02-26,0.0
2012-02-27,0.0
2012-02-28,0.0
2012-02-29,0.0
2012-03-01,0.0
2012-03-02,0.0
2012-03-03,0.0
2012-03-04,0.0
2012-03-05,0.0
2012-03-06,0.0
2012-03-07,0.0
2012-03-08,0.0
2012-03-09,0.0
2012-03-10,0.0
2012-03-11,0.0
2012-03-12,0.0
2012-03-13,0.0
2012-03-14,0.0
2012-03-15,0.0
2012-03-16,0.0
2012-03-17,0.0
2012-03-18,0.0
2012-03-19,0.0
2012-03-20,0.0
2012-03-21,0.0
2012-03-22,0.0
2012-03-23,0.0
2012-03-24,0.0
2012-03-25,0.0
2012-03-26,0.0
2012-03-27,0.0
2012-03-28,0.0
2012-03-29,0.0
2012-03-30,0.0
2012-03-31,0.0
2012-04-01,0.0
2012-04-02,0.0
2012-04-03,0.0
2012-04-04,0.0
2012-04-05,0.0
2012-04-06,0.04
2012-04-07,0.0
2012-04-08,0.0
2012-04-09,0.0
2012-04-10,0.0
2012-04-11,0.0
2012-04-12,0.19
2012-04-13,0.0
2012-04-14,0.0
2012-04-15,0.0
2012-04-16,0.0
2012-04-17,0.0
2012-04-18,0.0
2012-04-19,0.0
2012-04-20,0.0
2012-04-21,0.0
2012-04-22,0.0
2012-04-23,0.0
2012-04-24,0.0
2012-04-25,0.0
2012-04-26,0.0
2012-04-27,0.0
2012-04-28,0.0
2012-04-29,0.0
2012-04-30,0.0
2012-05-01,0.0
2012-05-02,0.0
2012-05-03,0.0
2012-05-04,0.0
2012-05-05,0.0
2012-05-06,0.0
2012-05-07,0.0
2012-05-08,0.0
2012-05-09,0.0
2012-05-10,0.0
2012-05-11,0.0
2012-05-12,0.0
2012-05-13,0.0
2012-05-14,0.0
2012-05-15,0.0
2012-05-16,0.0
2012-05-17,0.0
2012-05-18,1.0
2012-05-19,0.0
2012-05-20,0.0
2012-05-21,0.0
2012-05-22,0.0
2012-05-23,0.0
2012-05-24,0.0
2012-05-25,0.0
2012-05-26,0.0
2012-05-27,0.0
2012-05-28,0.0
2012-05-29,0.0
2012-05-30,0.0
2012-05-31,0.0
2012-06-01,0.0
2012-06-02,0.0
2012-06-03,0.0
2012-06-04,0.0
2012-06-05,0.0
2012-06-06,0.0
2012-06-07,0.0
2012-06-08,0.0
2012-06-09,0.0
2012-06-10,0.0
2012-06-11,0.0
2012-06-12,0.0
2012-06-13,0.0
2012-06-14,0.0
2012-06-15,0.0
2012-06-16,0.0
2012-06-17,0.0
2012-06-18,0.0
2012-06-19,0.0
2012-06-20,0.0
2012-06-21,0.0
2012-06-22,0.0
2012-06-23,0.0
2012-06-24,0.0
2012-06-25,0.0
2012-06-26,0.0
2012-06-27,0.0
2012-06-28,0.0
2012-06-29,0.0
2012-06-30,0.0
2012-07-01,0.0
2012-07-02,0.0
2012-07-03,0.0
2012-07-04,0.0
2012-07-05,0.0
2012-07-06,0.0
2012-07-07,0.0
2012-07-08,0.0
2012-07-09,0.0
2012-07-10,0.0
2012-07-11,0.0
2012-07-12,0.0
2012-07-13,0.0
2012-07-14,0.0
2012-07-15,0.0
2012-07-16,0.0
2012-07-17,0.0
2012-07-18,0.0
2012-07-19,0.0
2012-07-20,0.0
2012-07-21,0.0
2012-07-22,0.0
2012-07-23,0.0
2012-07-24,0.0
2012-07-25,0.0
2012-07-26,0.0
2012-07-27,0.0
2012-07-28,0.0
2012-07-29,0.0
2012-07-30,0.0
2012-07-31,0.0
2012-08-01,0.0
2012-08-02,0.0
2012-08-03,0.0
2012-08-04,0.0
2012-08-05,0.0
2012-08-06,0.0
2012-08-07,0.0
2012-08-08,0.0
2012-08-09,0.0
2012-08-10,0.0
2012-08-11,0.0
2012-08-12,0.0
2012-08-13,0.0
2012-08-14,0.0
2012-08-15,0.0
2012-08-16,0.0
2012-08-17,0.0
2012-08-18,0.0
2012-08-19,0.0
2012-08-20,0.0
2012-08-21,0.0
2012-08-22,0.0
2012-08-23,0.0
2012-08-24,0.0
2012-08-25,0.0
2012-08-26,0.0
2012-08-27,0.0
2012-08-28,0.0
2012-08-29,0.0
2012-08-30,0.0
2012-08-31,0.0
2012-09-01,0.0
2012-09-02,0.0
2012-09-03,0.0
2012-09-04,0.0
2012-09-05,0.0
2012-09-06,0.0
2012-09-07,0.0
2012-09-08,0.0
2012-09-09,0.0
2012-09-10,0.0
2012-09-11,0.0
2012-09-12,0.0
2012-09-13,0.0
2012-09-14,0.0
2012-09-15,0.0
2012-09-16,0.0
2012-09-17,0.0
2012-09-18,0.0
2012-09-19,0.0
2012-09-20,0.0
2012-09-21,0.0
2012-09-22,0.0
2012-09-23,0.0
2012-09-24,0.0
2012-09-25,0.0
2012-09-26,0.0
2012-09-27,0.0
2012-09-28,0.0
2012-09-29,0.0
2012-09-30,0.0
2012-10-01,0.0
2012-10-02,0.0
2012-10-03,0.0
2012-10-04,0.0
2012-10-05,0.0
2012-10-06,0.0
2012-10-07,0.0
2012-10-08,0.0
2012-10-09,0.0
2012-10-10,0.0
2012-10-11,0.0
2012-10-12,0.0
2012-10-13,0.0
2012-10-14,0.0
2012-10-15,0.0
2012-10-16,0.0
2012-10-17,0.0
2012-10-18,0.0
2012-10-19,0.0
2012-10-20,0.0
2012-10-21,0.0
2012-10-22,0.0
2012-10-23,0.0
2012-10-24,0.0
2012-10-25,0.0
2012-10-26,0.0
2012-10-27,0.0
2012-10-28,0.0
2012-10-29,0.0
2012-10-30,0.0
2012-10-31,0.0
2012-11-01,0.0
2012-11-02,0.0
2012-11-03,0.0
2012-11-04,0.0
2012-11-05,0.0
2012-11-06,0.0
2012-11-07,0.0
2012-11-08,0.0
2012-11-09,0.0
2012-11-10,0.0
2012-11-11,0.0
2012-11-12,0.0
2012-11-13,0.0
2012-11-14,0.0
2012-11-15,0.0
2012-11-16,0.0
2012-11-17,0.0
2012-11-18,0.0
2012-11-19,0.0
2012-11-20,0.0
2012-11-21,0.0
2012-11-22,0.0
2012-11-23,0.0
2012-11-24,0.0
2012-11-25,0.0
2012-11-26,0.0
2012-11-27,0.0
2012-11-28,0.0
2012-11-29,0.0
2012-11-30,0.0
2012-12-01,0.0
2012-12-02,0.0
2012-12-03,0.0
2012-12-04,0.0
2012-12-05,0.0
2012-12-06,0.0
2012-12-07,0.0
2012-12-08,0.0
2012-12-09,0.0
2012-12-10,0.0
2012-12-11,0.0
2012-12-12,0.0
2012-12-13,0.0
2012-12-14,0.0
2012-12-15,0.0
2012-12-16,0.0
2012-12-17,0.0
2012-12-18,0.0
2012-12-19,0.0
2012-12-20,0.0
2012-12-21,0.0
2012-12-22,0.0
2012-12-23,0.0
2012-12-24,0.0
2012-12-25,0.0
2012-12-26,0.0
2012-12-27,0.0
2012-12-28,0.0
2012-12-29,0.0
2012-12-30,0.0
2012-12-31,0.0
2013-01-01,0.0
2013-01-02,0.0
2013-01-03,0.0
2013-01-04,0.0
2013-01-05,0.0
2013-01-06,0.0
2013-01-07,0.0
2013-01-08,0.0
2013-01-09,0.0
2013-01-10,0.0
2013-01-11,0.0
2013-01-12,0.0
2013-01-13,0.012
2013-01-14,0.0
2013-01-15,0.0
2013-01-16,0.0
2013-01-17,0.0
2013-01-18,0.0
2013-01-19,0.0
2013-01-20,0.0
2013-01-21,0.0
2013-01-22,0.0
2013-01-23,0.0
2013-01-24,0.0
2013-01-25,0.0
2013-01-26,0.0
2013-01-27,0.0
2013-01-28,0.0
2013-01-29,0.0
2013-01-30,1.0
2013-01-31,0.0
2013-02-01,0.0
2013-02-02,0.0
2013-02-03,0.0
2013-02-04,0.0
2013-02-05,0.0
2013-02-06,0.0
2013-02-07,0.0
2013-02-08,0.0
2013-02-09,0.0
2013-02-10,0.0
2013-02-11,0.0
2013-02-12,0.0
2013-02-13,0.0
2013-02-14,0.0
2013-02-15,0.0
2013-02-16,0.0
2013-02-17,0.0
2013-02-18,0.0
2013-02-19,0.0
2013-02-20,0.0
2013-02-21,0.0
2013-02-22,0.0
2013-02-23,0.0
2013-02-24,0.0
2013-02-25,0.0
2013-02-26,0.0
2013-02-27,0.0
2013-02-28,0.0
2013-03-01,0.0
2013-03-02,0.0
2013-03-03,0.0
2013-03-04,0.259
2013-03-05,0.0
2013-03-06,0.0
2013-03-07,0.0
2013-03-08,0.0
2013-03-09,0.0
2013-03-10,0.0
2013-03-11,0.0
2013-03-12,0.0
2013-03-13,0.0
2013-03-14,0.0
2013-03-15,0.0
2013-03-16,0.0
2013-03-17,0.0
2013-03-18,0.0
2013-03-19,0.0
2013-03-20,0.0
2013-03-21,0.0
2013-03-22,0.0
2013-03-23,0.0
2013-03-24,0.0
2013-03-25,0.0
2013-03-26,0.0
2013-03-27,0.0
2013-03-28,0.0
2013-03-29,0.0
2013-03-30,0.0
2013-03-31,0.0
2013-04-01,0.0
2013-04-02,0.0
2013-04-03,0.0
2013-04-04,0.0
2013-04-05,0.0
2013-04-06,0.0
2013-04-07,0.0
2013-04-08,0.0
2013-04-09,0.0
2013-04-10,0.0
2013-04-11,0.0
2013-04-12,0.0
2013-04-13,0.0
2013-04-14,0.0
2013-04-15,0.0
2013-04-16,7.92e-05
2013-04-17,0.0
2013-04-18,0.0
2013-04-19,2e-05
2013-04-20,0.0001975
2013-04-21,0.0001056
2013-04-22,5.3700000000000004e-05
2013-04-23,3.605e-05
2013-04-24,0.0
2013-04-25,0.0
2013-04-26,0.0001336
2013-04-27,6.4e-05
2013-04-28,1.25e-05
2013-04-29,3.34e-05
2013-04-30,3e-05
2013-05-01,0.0
2013-05-02,0.0
2013-05-03,2.4e-05
2013-05-04,0.0
2013-05-05,7.5e-06
2013-05-06,7.5e-06
2013-05-07,1e-05
2013-05-08,2.4e-05
2013-05-09,0.0
2013-05-10,0.0
2013-05-11,0.0
2013-05-12,0.0
2013-05-13,0.25
2013-05-14,0.0
2013-05-15,0.0
2013-05-16,0.0
2013-05-17,0.0
2013-05-18,0.0
2013-05-19,0.0
2013-05-20,0.0
2013-05-21,0.0
2013-05-22,0.0
2013-05-23,0.0
2013-05-24,0.0002072
2013-05-25,0.00014
2013-05-26,0.0
2013-05-27,0.0
2013-05-28,0.0
2013-05-29,0.0
2013-05-30,0.0
2013-05-31,0.0
2013-06-01,0.0
2013-06-02,0.0
2013-06-03,3.6e-05
2013-06-04,0.0
2013-06-05,0.0
2013-06-06,0.0
2013-06-07,0.0
2013-06-08,0.0
2013-06-09,0.0
2013-06-10,0.0
2013-06-11,0.0
2013-06-12,0.0
2013-06-13,0.0
2013-06-14,0.0
2013-06-15,0.0
2013-06-16,0.0
2013-06-17,0.0
2013-06-18,0.0
2013-06-19,0.0
2013-06-20,0.0
2013-06-21,0.0
2013-06-22,0.0
2013-06-23,0.0
2013-06-24,0.0
2013-06-25,0.0
2013-06-26,6e-05
2013-06-27,0.0045
2013-06-28,0.0
2013-06-29,0.0
2013-06-30,0.23981494
2013-07-01,0.0
2013-07-02,0.0
2013-07-03,0.0
2013-07-04,0.0
2013-07-05,0.0
2013-07-06,0.0
2013-07-07,0.0
2013-07-08,0.16
2013-07-09,0.0
2013-07-10,0.0
2013-07-11,0.0
2013-07-12,0.00024
2013-07-13,0.0
2013-07-14,0.0015
2013-07-15,0.0011071
2013-07-16,0.0
2013-07-17,0.0
2013-07-18,0.0002192
2013-07-19,0.0003384
2013-07-20,0.0
2013-07-21,0.0
2013-07-22,0.0
2013-07-23,0.0
2013-07-24,0.0
2013-07-25,0.0
2013-07-26,0.0
2013-07-27,0.0
2013-07-28,0.0
2013-07-29,0.0
2013-07-30,0.0
2013-07-31,0.0
2013-08-01,0.0
2013-08-02,0.0
2013-08-03,0.0
2013-08-04,0.0
2013-08-05,0.0
2013-08-06,0.0
2013-08-07,0.0
2013-08-08,0.0
2013-08-09,8e-05
2013-08-10,0.0
2013-08-11,0.0
2013-08-12,0.0
2013-08-13,0.0
2013-08-14,0.0
2013-08-15,0.0001
2013-08-16,0.0
2013-08-17,0.0
2013-08-18,0.0
2013-08-19,0.0
2013-08-20,0.0
2013-08-21,0.0
2013-08-22,0.0
2013-08-23,0.0
2013-08-24,0.0
2013-08-25,0.0
2013-08-26,0.0
2013-08-27,0.0
2013-08-28,0.0
2013-08-29,0.03846153
2013-08-30,0.0
2013-08-31,0.0
2013-09-01,0.0
2013-09-02,0.0
2013-09-03,0.0
2013-09-04,0.0
2013-09-05,0.0
2013-09-06,0.0
2013-09-07,0.0
2013-09-08,0.0
2013-09-09,0.0
2013-09-10,0.0
2013-09-11,0.0
2013-09-12,0.0
2013-09-13,0.5
2013-09-14,0.0
2013-09-15,0.0005
2013-09-16,0.0
2013-09-17,5e-08
2013-09-18,0.0
2013-09-19,0.0
2013-09-20,0.0
2013-09-21,0.0
2013-09-22,0.0
2013-09-23,0.0
2013-09-24,0.0
2013-09-25,0.0
2013-09-26,0.0
2013-09-27,0.0
2013-09-28,0.0
2013-09-29,0.0
2013-09-30,6.774e-05
2013-10-01,0.0
2013-10-02,0.01028712
2013-10-03,0.0
2013-10-04,0.0
2013-10-05,0.0
2013-10-06,0.01019716
2013-10-07,0.0
2013-10-08,0.0
2013-10-09,0.0
2013-10-10,0.0
2013-10-11,0.0
2013-10-12,0.01007313
2013-10-13,0.0
2013-10-14,0.0
2013-10-15,0.0
2013-10-16,0.0
2013-10-17,0.0
2013-10-18,0.0
2013-10-19,0.01007491
2013-10-20,0.0
2013-10-21,0.0
2013-10-22,0.0
2013-10-23,0.0
2013-10-24,0.0
2013-10-25,0.0
2013-10-26,0.0
2013-10-27,0.0
2013-10-28,0.01000877
2013-10-29,0.0
2013-10-30,0.0
2013-10-31,0.0
2013-11-01,0.0
2013-11-02,0.0
2013-11-03,0.0
2013-11-04,0.0
2013-11-05,0.0
2013-11-06,0.0
2013-11-07,0.0
2013-11-08,0.0
2013-11-09,0.0
2013-11-10,0.0
2013-11-11,0.0
2013-11-12,0.0
2013-11-13,0.0
2013-11-14,0.0
2013-11-15,0.01000278
2013-11-16,0.0
2013-11-17,0.0
2013-11-18,0.488
2013-11-19,0.0
2013-11-20,0.0
2013-11-21,8.824e-05
2013-11-22,0.0
2013-11-23,0.0
2013-11-24,7.216e-05
2013-11-25,0.0
2013-11-26,0.0
2013-11-27,0.0
2013-11-28,0.1
2013-11-29,6.162e-05
2013-11-30,0.340355
2013-12-01,0.05506204
2013-12-02,7.279e-05
2013-12-03,0.0
2013-12-04,0.0
2013-12-05,0.00011822
2013-12-06,0.064
2013-12-07,0.0
2013-12-08,0.0
2013-12-09,0.04237549
2013-12-10,0.0
2013-12-11,0.0001367
2013-12-12,0.0
2013-12-13,0.0
2013-12-14,0.0
2013-12-15,0.0
2013-12-16,0.00011757
2013-12-17,0.0
2013-12-18,0.0
2013-12-19,1.0169191499999999
2013-12-20,0.0
2013-12-21,0.00014529
2013-12-22,0.0
2013-12-23,0.00015159
2013-12-24,0.0
2013-12-25,0.0
2013-12-26,0.1
2013-12-27,0.00014870999999999998
2013-12-28,0.0
2013-12-29,0.0
2013-12-30,5.478e-05
2013-12-31,6.374e-05
2014-01-01,0.0
2014-01-02,0.0
2014-01-03,0.0
2014-01-04,0.0
2014-01-05,0.0
2014-01-06,6.001e-05
2014-01-07,0.9999
2014-01-08,0.021020920000000002
2014-01-09,0.006299999999999999
2014-01-10,0.0
2014-01-11,0.04199046
2014-01-12,0.0
2014-01-13,0.00013889000000000002
2014-01-14,0.0
2014-01-15,0.0
2014-01-16,0.0
2014-01-17,0.0
2014-01-18,0.00010148
2014-01-19,5.518e-05
2014-01-20,6.785e-05
2014-01-21,0.0
2014-01-22,0.00024344
2014-01-23,4.063e-05
2014-01-24,0.0
2014-01-25,0.0
2014-01-26,0.0
2014-01-27,0.00017914
2014-01-28,0.0
2014-01-29,0.0
2014-01-30,0.0
2014-01-31,0.0
2014-02-01,0.0
2014-02-02,0.0
2014-02-03,6.772e-05
2014-02-04,0.22290000000000001
2014-02-05,0.0
2014-02-06,0.0
2014-02-07,0.0
2014-02-08,0.0
2014-02-09,0.0
2014-02-10,0.00014908
2014-02-11,0.00211859
2014-02-12,0.0
2014-02-13,0.0
2014-02-14,0.0
2014-02-15,0.0
2014-02-16,0.0
2014-02-17,9.756e-05
2014-02-18,0.0
2014-02-19,0.0
2014-02-20,0.0
2014-02-21,0.0
2014-02-22,0.0
2014-02-23,0.0
2014-02-24,0.04206537
2014-02-25,0.00010122
2014-02-26,0.5937528
2014-02-27,0.49920068
2014-02-28,0.0
2014-03-01,0.54356525
2014-03-02,0.0
2014-03-03,0.00017282000000000002
2014-03-04,0.0
2014-03-05,0.0
2014-03-06,5.472e-05
2014-03-07,0.0
2014-03-08,0.0
2014-03-09,0.0
2014-03-10,7.96e-05
2014-03-11,0.0
2014-03-12,0.0
2014-03-13,0.01233911
2014-03-14,0.0
2014-03-15,0.0
2014-03-16,0.0
2014-03-17,0.00012032
2014-03-18,0.0
2014-03-19,6.075e-05
2014-03-20,0.0
2014-03-21,0.0
2014-03-22,0.0
2014-03-23,0.0
2014-03-24,50.0006476
2014-03-25,0.0
2014-03-26,6.775e-05
2014-03-27,0.00013382
2014-03-28,6.802e-05
2014-03-29,7.567e-05
2014-03-30,0.0008667099999999999
2014-03-31,0.001
2014-04-01,6.882e-05
2014-04-02,0.0
2014-04-03,0.0
2014-04-04,0.00016572
2014-04-05,0.0
2014-04-06,0.0003347
2014-04-07,0.0
2014-04-08,0.0
2014-04-09,0.0005912
2014-04-10,0.0100096
2014-04-11,0.0
2014-04-12,0.0
2014-04-13,0.00034559
2014-04-14,0.0
2014-04-15,5.569e-05
2014-04-16,0.0
2014-04-17,0.0
2014-04-18,0.0
2014-04-19,0.0
2014-04-20,0.00027373999999999996
2014-04-21,0.0
2014-04-22,0.0
2014-04-23,0.0
2014-04-24,0.0
2014-04-25,5.789e-05
2014-04-26,0.0
2014-04-27,0.00046823
2014-04-28,0.0
2014-04-29,0.00015279
2014-04-30,0.0
2014-05-01,0.0
2014-05-02,7.18e-05
2014-05-03,0.0
2014-05-04,0.00064892
2014-05-05,0.0
2014-05-06,0.00010963
2014-05-07,0.0
2014-05-08,6.282e-05
2014-05-09,5.77e-05
2014-05-10,6.096e-05
2014-05-11,0.00034836000000000003
2014-05-12,0.0
2014-05-13,5.569e-05
2014-05-14,7.399e-05
2014-05-15,0.0
2014-05-16,0.0222376
2014-05-17,0.0
2014-05-18,0.00027446
2014-05-19,0.0
2014-05-20,0.0
2014-05-21,0.0
2014-05-22,0.0
2014-05-23,0.0
2014-05-24,0.01105583
2014-05-25,0.00012033
2014-05-26,0.0
2014-05-27,0.0
2014-05-28,6.234e-05
2014-05-29,0.0
2014-05-30,0.0
2014-05-31,0.0
2014-06-01,0.00407714
2014-06-02,8.579e-05
2014-06-03,6.78e-05
2014-06-04,5.483e-05
2014-06-05,5.525e-05
2014-06-06,0.0
2014-06-07,0.0
2014-06-08,0.00014052
2014-06-09,0.0
2014-06-10,0.0
2014-06-11,0.0
2014-06-12,0.0
2014-06-13,0.0
2014-06-14,0.0
2014-06-15,0.00012302
2014-06-16,3.915e-05
2014-06-17,0.0
2014-06-18,0.0
2014-06-19,5.507e-05
2014-06-20,0.0
2014-06-21,0.0
2014-06-22,0.0
2014-06-23,0.0
2014-06-24,0.0
2014-06-25,0.0
2014-06-26,0.0
2014-06-27,0.0
2014-06-28,0.0
2014-06-29,0.00011224
2014-06-30,0.0
2014-07-01,0.0
2014-07-02,0.0
2014-07-03,0.0
2014-07-04,0.0
2014-07-05,0.0
2014-07-06,7.419e-05
2014-07-07,0.0
2014-07-08,6.879e-05
2014-07-09,0.0
2014-07-10,6.186e-05
2014-07-11,0.0
2014-07-12,0.14100000999999998
2014-07-13,0.0
2014-07-14,0.0
2014-07-15,0.0
2014-07-16,0.0
2014-07-17,0.0
2014-07-18,0.0
2014-07-19,0.0
2014-07-20,0.00021835
2014-07-21,0.0
2014-07-22,0.0
2014-07-23,0.01654909
2014-07-24,0.0
2014-07-25,0.0
2014-07-26,0.0
2014-07-27,6.44e-05
2014-07-28,0.05
2014-07-29,0.0
2014-07-30,0.0
2014-07-31,0.0
2014-08-01,5.596e-05
2014-08-02,0.0
2014-08-03,8.601e-05
2014-08-04,0.0
2014-08-05,0.0
2014-08-06,0.0
2014-08-07,0.0
2014-08-08,0.0100849
2014-08-09,0.0
2014-08-10,0.0
2014-08-11,0.0
2014-08-12,0.0
2014-08-13,0.0
2014-08-14,0.0
2014-08-15,0.0
2014-08-16,0.0
2014-08-17,7.831e-05
2014-08-18,0.0
2014-08-19,0.0
2014-08-20,0.0
2014-08-21,0.0
2014-08-22,0.0
2014-08-23,0.0
2014-08-24,0.00019992
2014-08-25,5.556e-05
2014-08-26,5.72e-05
2014-08-27,0.0
2014-08-28,8.272e-05
2014-08-29,0.00016172
2014-08-30,5.601e-05
2014-08-31,0.00012092
2014-09-01,6.4e-05
2014-09-02,0.0
2014-09-03,0.0
2014-09-04,8.8e-05
2014-09-05,0.0
2014-09-06,0.0002208
2014-09-07,0.0
2014-09-08,6.88e-05
2014-09-09,0.0
2014-09-10,0.0
2014-09-11,6.4e-05
2014-09-12,0.0
2014-09-13,5.0
2014-09-14,0.00021047999999999998
2014-09-15,0.0
2014-09-16,0.0
2014-09-17,0.00010102
2014-09-18,0.0
2014-09-19,0.0
2014-09-20,0.0
2014-09-21,0.00021695999999999998
2014-09-22,0.0
2014-09-23,0.01109162
2014-09-24,0.0
2014-09-25,6.4e-05
2014-09-26,0.0
2014-09-27,6.8e-05
2014-09-28,8.048e-05
2014-09-29,0.0
2014-09-30,0.0
2014-10-01,7.733e-05
2014-10-02,0.01354428
2014-10-03,0.0
2014-10-04,0.0
2014-10-05,8.05e-05
2014-10-06,0.0
2014-10-07,0.0
2014-10-08,0.0
2014-10-09,0.0
2014-10-10,0.0
2014-10-11,0.0
2014-10-12,0.00014796999999999998
2014-10-13,0.0
2014-10-14,0.0
2014-10-15,0.0
2014-10-16,0.0
2014-10-17,0.0
2014-10-18,0.0
2014-10-19,7.408e-05
2014-10-20,0.0
2014-10-21,0.0
2014-10-22,0.0
2014-10-23,0.0
2014-10-24,0.0
2014-10-25,6.209e-05
2014-10-26,6.232e-05
2014-10-27,0.0
2014-10-28,0.0
2014-10-29,0.0
2014-10-30,0.0
2014-10-31,0.0
2014-11-01,0.0
2014-11-02,7.03e-05
2014-11-03,0.0
2014-11-04,0.0
2014-11-05,0.0
2014-11-06,0.0
2014-11-07,0.0
2014-11-08,0.0
2014-11-09,5.514e-05
2014-11-10,0.2
2014-11-11,0.0
2014-11-12,0.0
2014-11-13,0.0
2014-11-14,0.0
2014-11-15,0.0
2014-11-16,6.738e-05
2014-11-17,0.0
2014-11-18,0.0
2014-11-19,0.01001186
2014-11-20,0.0
2014-11-21,0.0
2014-11-22,0.0
2014-11-23,6.02e-05
2014-11-24,0.0
2014-11-25,0.0
2014-11-26,0.0
2014-11-27,0.0
2014-11-28,0.0
2014-11-29,0.0
2014-11-30,0.00021755
2014-12-01,0.0
2014-12-02,0.0
2014-12-03,6.476e-05
2014-12-04,0.0
2014-12-05,0.0281
2014-12-06,0.0
2014-12-07,9.014e-05
2014-12-08,1.00144181
2014-12-09,0.0
2014-12-10,0.0
2014-12-11,0.00012289
2014-12-12,0.0
2014-12-13,0.0
2014-12-14,0.00018657
2014-12-15,0.00231
2014-12-16,0.00119294
2014-12-17,0.0
2014-12-18,0.0
2014-12-19,0.00115218
2014-12-20,0.00012956
2014-12-21,0.00018718
2014-12-22,0.0
2014-12-23,0.0
2014-12-24,7.512e-05
2014-12-25,6.056e-05
2014-12-26,0.0
2014-12-27,0.00022836
2014-12-28,8.982e-05
2014-12-29,6.132e-05
2014-12-30,0.0
2014-12-31,0.0
2015-01-01,0.0
2015-01-02,0.0
2015-01-03,0.0
2015-01-04,0.00016546
2015-01-05,0.0
2015-01-06,6.464e-05
2015-01-07,6.136e-05
2015-01-08,6.192e-05
2015-01-09,0.0
2015-01-10,1.0
2015-01-11,10.3188289
2015-01-12,6.08e-05
2015-01-13,0.0
2015-01-14,0.0
2015-01-15,0.0
2015-01-16,0.0
2015-01-17,0.0
2015-01-18,0.00018056
2015-01-19,0.0
2015-01-20,0.0
2015-01-21,0.0
2015-01-22,0.0
2015-01-23,0.0
2015-01-24,6.604e-05
2015-01-25,0.00033317000000000004
2015-01-26,7.4e-05
2015-01-27,0.0
2015-01-28,0.0
2015-01-29,7.201e-05
2015-01-30,0.0
2015-01-31,0.00012471999999999998
2015-02-01,0.00018899
2015-02-02,6.64e-05
2015-02-03,6e-05
2015-02-04,0.0
2015-02-05,0.0
2015-02-06,6.416e-05
2015-02-07,0.0
2015-02-08,0.00024222
2015-02-09,7.05e-05
2015-02-10,0.00014666
2015-02-11,0.0001
2015-02-12,0.00012911999999999998
2015-02-13,6.657e-05
2015-02-14,6.4e-05
2015-02-15,0.0001958
2015-02-16,0.00045
2015-02-17,0.0
2015-02-18,6.616e-05
2015-02-19,0.0
2015-02-20,0.01772035
2015-02-21,0.00021444
2015-02-22,0.00015470000000000002
2015-02-23,7.906e-05
2015-02-24,0.0
2015-02-25,0.5002
2015-02-26,0.0
2015-02-27,0.0
2015-02-28,0.00048364999999999997
2015-03-01,0.00089572
2015-03-02,0.00010957
2015-03-03,0.00053
2015-03-04,0.000128
2015-03-05,7.144e-05
2015-03-06,0.0002765
2015-03-07,0.00036184
2015-03-08,0.0009191900000000001
2015-03-09,6.354e-05
2015-03-10,6.106e-05
2015-03-11,0.0
2015-03-12,0.0
2015-03-13,0.00023496
2015-03-14,0.0006071700000000001
2015-03-15,0.00103937
2015-03-16,7.08e-05
2015-03-17,0.00013655999999999998
2015-03-18,0.0
2015-03-19,0.0
2015-03-20,0.00040330000000000005
2015-03-21,0.00059213
2015-03-22,0.00112654
2015-03-23,7.4e-05
2015-03-24,7.44e-05
2015-03-25,6e-05
2015-03-26,7.88e-05
2015-03-27,0.00034142
2015-03-28,0.00071248
2015-03-29,0.00124258
2015-03-30,0.0
2015-03-31,0.01971378
2015-04-01,0.0
2015-04-02,0.000197
2015-04-03,0.00048649999999999995
2015-04-04,0.00038593000000000004
2015-04-05,0.0005665
2015-04-06,0.0
2015-04-07,0.00016707
2015-04-08,7.16e-05
2015-04-09,6.144e-05
2015-04-10,7.048e-05
2015-04-11,0.0006167
2015-04-12,0.00063122
2015-04-13,0.000306
2015-04-14,0.000198
2015-04-15,0.0
2015-04-16,7.556e-05
2015-04-17,9.2e-05
2015-04-18,0.0005523699999999999
2015-04-19,0.0005787100000000001
2015-04-20,6.56e-05
2015-04-21,0.00022624
2015-04-22,0.0
2015-04-23,6e-05
2015-04-24,0.00015979999999999998
2015-04-25,0.00049357
2015-04-26,0.00038123
2015-04-27,0.0
2015-04-28,6.632e-05
2015-04-29,0.0
2015-04-30,6.792e-05
2015-05-01,8.45e-05
2015-05-02,0.00047849000000000004
2015-05-03,0.00036459000000000003
2015-05-04,6.952e-05
2015-05-05,7.912e-05
2015-05-06,0.0
2015-05-07,7.904e-05
2015-05-08,0.00065375
2015-05-09,0.0
2015-05-10,0.00076501
2015-05-11,0.0
2015-05-12,6.96e-05
2015-05-13,8.072e-05
2015-05-14,6.304e-05
2015-05-15,0.000164
2015-05-16,0.0006366
2015-05-17,0.00021019
2015-05-18,6.232e-05
2015-05-19,0.0
2015-05-20,0.0
2015-05-21,0.01000799
2015-05-22,0.00018742
2015-05-23,0.00015681
2015-05-24,0.0010124600000000002
2015-05-25,7.12e-05
2015-05-26,0.0
2015-05-27,6.64e-05
2015-05-28,0.0
2015-05-29,0.000125
2015-05-30,0.00036224
2015-05-31,0.00042792
2015-06-01,0.0
2015-06-02,0.00074646
2015-06-03,8.08e-05
2015-06-04,0.0
2015-06-05,0.0002115
2015-06-06,0.0014909400000000003
2015-06-07,0.0005180499999999999
2015-06-08,6.32e-05
2015-06-09,0.0
2015-06-10,0.0
2015-06-11,0.0
2015-06-12,0.000176
2015-06-13,0.00048311999999999997
2015-06-14,0.0004915799999999999
2015-06-15,7.76e-05
2015-06-16,0.0
2015-06-17,9.52e-05
2015-06-18,0.0
2015-06-19,0.0001345
2015-06-20,0.00065144
2015-06-21,0.00049781
2015-06-22,0.0
2015-06-23,0.0
2015-06-24,0.0
2015-06-25,0.0
2015-06-26,0.00014522
2015-06-27,0.00033319
2015-06-28,0.00032634
2015-06-29,0.0
2015-06-30,0.0
2015-07-01,0.0
2015-07-02,0.0
2015-07-03,0.0
2015-07-04,0.00056375
2015-07-05,0.00019851
2015-07-06,0.0
2015-07-07,0.0
2015-07-08,0.0
2015-07-09,6.24e-05
2015-07-10,0.0
2015-07-11,0.00016865
2015-07-12,6.688e-05
2015-07-13,5e-05
2015-07-14,0.33995096
2015-07-15,0.0
2015-07-16,0.00018139
2015-07-17,0.0
2015-07-18,0.00025497
2015-07-19,0.0003346
2015-07-20,6.362e-05
2015-07-21,0.0
2015-07-22,0.00023074
2015-07-23,6.207e-05
2015-07-24,0.0
2015-07-25,0.00996186
2015-07-26,0.00043285000000000003
2015-07-27,0.0
2015-07-28,0.0
2015-07-29,7.278e-05
2015-07-30,0.0
2015-07-31,0.00216908
2015-08-01,0.0
2015-08-02,0.00061233
2015-08-03,0.0
2015-08-04,0.0
2015-08-05,0.000124
2015-08-06,0.0
2015-08-07,0.0
2015-08-08,0.00039920000000000005
2015-08-09,0.00033563
2015-08-10,0.0
2015-08-11,0.0
2015-08-12,0.0
2015-08-13,0.0
2015-08-14,0.0
2015-08-15,0.0
2015-08-16,0.0040561700000000004
2015-08-17,0.00019412
2015-08-18,0.0
2015-08-19,1.6505735
2015-08-20,0.0
2015-08-21,0.0
2015-08-22,6.1e-05
2015-08-23,0.00010323
2015-08-24,0.0
2015-08-25,0.0
2015-08-26,0.0
2015-08-27,0.0
2015-08-28,0.0
2015-08-29,0.0
2015-08-30,0.00016669
2015-08-31,0.0
2015-09-01,0.0
2015-09-02,0.0
2015-09-03,0.0
2015-09-04,0.0
2015-09-05,0.0
2015-09-06,9.556e-05
2015-09-07,0.0
2015-09-08,0.0
2015-09-09,0.0
2015-09-10,0.0
2015-09-11,3.7
2015-09-12,0.0
2015-09-13,8.774e-05
2015-09-14,0.0
2015-09-15,0.0
2015-09-16,0.0
2015-09-17,0.0
2015-09-18,9.415e-05
2015-09-19,8.135e-05
2015-09-20,0.00014237
2015-09-21,0.0
2015-09-22,0.0
2015-09-23,0.0
2015-09-24,0.0
2015-09-25,0.0
2015-09-26,0.00015885
2015-09-27,0.0
2015-09-28,9.541e-05
2015-09-29,0.0
2015-09-30,0.0
2015-10-01,0.0
2015-10-02,9.28e-05
2015-10-03,9.497e-05
2015-10-04,0.00016229
2015-10-05,0.0
2015-10-06,0.0
2015-10-07,0.0
2015-10-08,3.092e-05
2015-10-09,0.0
2015-10-10,0.0
2015-10-11,0.0
2015-10-12,0.0
2015-10-13,0.0
2015-10-14,0.0
2015-10-15,0.00053921
2015-10-16,0.00025263
2015-10-17,0.00017452
2015-10-18,0.00024393
2015-10-19,0.0
2015-10-20,0.00055383
2015-10-21,0.0
2015-10-22,0.0
2015-10-23,0.0
2015-10-24,8.489e-05
2015-10-25,10.00127761
2015-10-26,0.0
2015-10-27,0.0
2015-10-28,0.0
2015-10-29,0.0
2015-10-30,0.0
2015-10-31,0.00017707999999999998
2015-11-01,0.0005036400000000001
2015-11-02,0.03009
2015-11-03,0.0
2015-11-04,0.0
2015-11-05,0.00012799
2015-11-06,0.0
2015-11-07,0.00013318
2015-11-08,6.247e-05
2015-11-09,0.00012574
2015-11-10,6.815e-05
2015-11-11,0.00013078999999999999
2015-11-12,6.759e-05
2015-11-13,7.551e-05
2015-11-14,0.00036041000000000003
2015-11-15,0.00031992
2015-11-16,6.343e-05
2015-11-17,0.0
2015-11-18,6.455e-05
2015-11-19,6.496e-05
2015-11-20,6.343e-05
2015-11-21,7.488e-05
2015-11-22,0.0
2015-11-23,0.00032234
2015-11-24,0.0004134
2015-11-25,0.0003
2015-11-26,0.00046954
2015-11-27,0.0002319
2015-11-28,0.00040149
2015-11-29,0.00110202
2015-11-30,0.0005721000000000001
2015-12-01,0.0
2015-12-02,0.00038395
2015-12-03,0.00013438000000000002
2015-12-04,6.729e-05
2015-12-05,0.00055104
2015-12-06,0.00038166000000000003
2015-12-07,6.889e-05
2015-12-08,0.00013929
2015-12-09,0.00013308
2015-12-10,0.00021887000000000002
2015-12-11,0.00042701
2015-12-12,0.00012649
2015-12-13,0.00236259
2015-12-14,0.00014415
2015-12-15,0.00071062
2015-12-16,0.0027358
2015-12-17,5.56e-05
2015-12-18,6.431e-05
2015-12-19,0.0004925400000000001
2015-12-20,0.0017630999999999999
2015-12-21,0.00047297999999999996
2015-12-22,0.00246081
2015-12-23,9.76e-05
2015-12-24,0.00035799
2015-12-25,0.0
2015-12-26,0.00082325
2015-12-27,0.00163444
2015-12-28,0.0006665999999999999
2015-12-29,0.00036591
2015-12-30,0.0005340900000000001
2015-12-31,0.01146194
2016-01-01,6.545e-05
2016-01-02,0.0102979
2016-01-03,0.0013317300000000002
2016-01-04,0.0007250500000000001
2016-01-05,0.181
2016-01-06,7.447e-05
2016-01-07,6.4e-05
2016-01-08,0.00022933
2016-01-09,0.00035315
2016-01-10,0.00030887000000000004
2016-01-11,7.256e-05
2016-01-12,0.00050676
2016-01-13,0.0
2016-01-14,0.0
2016-01-15,0.0
2016-01-16,0.0004924899999999999
2016-01-17,0.0012920599999999998
2016-01-18,0.0005956700000000001
2016-01-19,0.00022394
2016-01-20,0.0
2016-01-21,2.325e-05
2016-01-22,0.0
2016-01-23,0.00045257
2016-01-24,0.00051954
2016-01-25,0.0
2016-01-26,2.938e-05
2016-01-27,0.00010446
2016-01-28,0.0
2016-01-29,0.0
2016-01-30,0.0027092999999999996
2016-01-31,0.00069927
2016-02-01,0.00305064
2016-02-02,0.0008093299999999999
2016-02-03,0.00984226
2016-02-04,0.1
2016-02-05,0.00044300000000000003
2016-02-06,0.00019477
2016-02-07,0.00075153
2016-02-08,0.00052393
2016-02-09,0.00027
2016-02-10,0.00153867
2016-02-11,0.00175036
2016-02-12,0.0
2016-02-13,0.00049814
2016-02-14,0.0026113200000000003
2016-02-15,5.935e-05
2016-02-16,0.0
2016-02-17,0.00040549
2016-02-18,0.0
2016-02-19,0.00142588
2016-02-20,1.00034
2016-02-21,0.0009176900000000001
2016-02-22,0.0
2016-02-23,0.0
2016-02-24,0.0
2016-02-25,0.0
2016-02-26,0.0
2016-02-27,0.00032191
2016-02-28,0.0
2016-02-29,0.0
2016-03-01,0.0
2016-03-02,0.0
2016-03-03,0.00030365
2016-03-04,0.00028823
2016-03-05,0.00015733
2016-03-06,0.00013699
2016-03-07,0.00013165
2016-03-08,0.0
2016-03-09,0.0
2016-03-10,0.0
2016-03-11,0.0
2016-03-12,0.0
2016-03-13,0.00034163
2016-03-14,0.0
2016-03-15,0.0
2016-03-16,0.27300875
2016-03-17,0.00013422
2016-03-18,0.0
2016-03-19,0.01032774
2016-03-20,0.00397256
2016-03-21,0.00042256
2016-03-22,0.00029671
2016-03-23,0.00016
2016-03-24,0.0
2016-03-25,0.00013
2016-03-26,0.0
2016-03-27,0.00049639
2016-03-28,6.41e-05
2016-03-29,0.0001749
2016-03-30,0.0
2016-03-31,0.0
2016-04-01,0.0
2016-04-02,0.0
2016-04-03,0.00032739
2016-04-04,0.00017345999999999998
2016-04-05,0.00013455
2016-04-06,0.00010011
2016-04-07,0.0
2016-04-08,0.0
2016-04-09,6.32e-05
2016-04-10,0.0
2016-04-11,0.0
2016-04-12,0.00051051
2016-04-13,0.0
2016-04-14,0.0
2016-04-15,0.0
2016-04-16,0.0
2016-04-17,0.0005893599999999999
2016-04-18,0.00039934
2016-04-19,0.0
2016-04-20,0.0
2016-04-21,0.0
2016-04-22,0.0
2016-04-23,0.00010211
2016-04-24,0.00108351
2016-04-25,0.0
2016-04-26,0.0
2016-04-27,0.0
2016-04-28,0.0
2016-04-29,0.001
2016-04-30,0.0
2016-05-01,0.0
2016-05-02,0.0
2016-05-03,0.00020869
2016-05-04,0.0
2016-05-05,3.52e-05
2016-05-06,0.32172
2016-05-07,0.0008319899999999999
2016-05-08,0.0001325
2016-05-09,0.0
2016-05-10,0.0
2016-05-11,0.00133183
2016-05-12,0.20176547
2016-05-13,0.00125021
2016-05-14,0.0012621
2016-05-15,0.00655738
2016-05-16,0.00188535
2016-05-17,0.00195249
2016-05-18,0.00173273
2016-05-19,0.00122668
2016-05-20,0.00976144
2016-05-21,0.00124236
2016-05-22,0.00128488
2016-05-23,0.01145056
2016-05-24,0.0013811300000000002
2016-05-25,0.00126296
2016-05-26,0.00121395
2016-05-27,0.0014559
2016-05-28,0.00120665
2016-05-29,0.00186706
2016-05-30,0.0012281
2016-05-31,0.0082303
2016-06-01,0.00176285
2016-06-02,0.00126116
2016-06-03,0.0013625599999999999
2016-06-04,0.00124192
2016-06-05,0.00153663
2016-06-06,0.00122022
2016-06-07,0.00124143
2016-06-08,0.0012535
2016-06-09,0.00120467
2016-06-10,0.00169949
2016-06-11,0.0015652100000000003
2016-06-12,0.0015749800000000001
2016-06-13,0.00149125
2016-06-14,0.0012422
2016-06-15,0.00135113
2016-06-16,0.00131988
2016-06-17,0.00763645
2016-06-18,0.00124019
2016-06-19,0.0016102900000000001
2016-06-20,0.00122716
2016-06-21,0.00153061
2016-06-22,0.00642571
2016-06-23,0.01549364
2016-06-24,0.01597742
2016-06-25,0.02135704
2016-06-26,0.0163726
2016-06-27,0.00118203
2016-06-28,0.00115926
2016-06-29,0.00115996
2016-06-30,0.0011548
2016-07-01,0.00117099
2016-07-02,0.0011692
2016-07-03,0.01082169
2016-07-04,0.0013766000000000002
2016-07-05,0.00119168
2016-07-06,0.00110778
2016-07-07,0.00114467
2016-07-08,0.00133649
2016-07-09,0.00116946
2016-07-10,0.00091546
2016-07-11,0.00153658
2016-07-12,0.0
2016-07-13,0.00114758
2016-07-14,0.00018025
2016-07-15,0.00152165
2016-07-16,0.0
2016-07-17,0.00214547
2016-07-18,0.00052322
2016-07-19,0.00132143
2016-07-20,0.00054942
2016-07-21,0.04920065
2016-07-22,0.00018163
2016-07-23,0.00115999
2016-07-24,0.0012655099999999999
2016-07-25,0.00164797
2016-07-26,0.00168494
2016-07-27,0.7161130600000001
2016-07-28,0.0007597400000000001
2016-07-29,0.01664417
2016-07-30,0.0019926
2016-07-31,0.0018210400000000001
2016-08-01,0.0
2016-08-02,0.00146352
2016-08-03,0.00038661
2016-08-04,0.00128367
2016-08-05,1.00009801
2016-08-06,0.0013343
2016-08-07,0.0022517699999999997
2016-08-08,0.00158868
2016-08-09,0.00031069
2016-08-10,0.00293641
2016-08-11,0.00048551000000000003
2016-08-12,0.00125329
2016-08-13,0.00060847
2016-08-14,0.0019410100000000004
2016-08-15,0.00219309
2016-08-16,0.00178181
2016-08-17,7.376e-05
2016-08-18,2.3087282100000004
2016-08-19,0.00017497
2016-08-20,0.00120908
2016-08-21,0.0005611800000000001
2016-08-22,0.00151237
2016-08-23,0.00027641
2016-08-24,0.0012056599999999999
2016-08-25,0.0018384300000000003
2016-08-26,0.0011979
2016-08-27,0.00017528999999999998
2016-08-28,0.0015093500000000002
2016-08-29,0.0
2016-08-30,0.009259339999999998
2016-08-31,0.0
2016-09-01,0.0015905600000000002
2016-09-02,0.00038336999999999996
2016-09-03,0.00288162
2016-09-04,0.01516697
2016-09-05,0.00153581
2016-09-06,0.00030246
2016-09-07,0.09987351
2016-09-08,0.00029901
2016-09-09,0.00130006
2016-09-10,0.0
2016-09-11,0.00111238
2016-09-12,0.00078073
2016-09-13,0.00160349
2016-09-14,0.00028663
2016-09-15,0.0013832
2016-09-16,0.00028569
2016-09-17,0.0023147700000000003
2016-09-18,0.00131419
2016-09-19,0.00236775
2016-09-20,0.00048506
2016-09-21,0.00138135
2016-09-22,0.0009206799999999999
2016-09-23,0.00136302
2016-09-24,0.10100656999999999
2016-09-25,0.00235814
2016-09-26,0.00039393
2016-09-27,0.00125914
2016-09-28,0.00040312
2016-09-29,0.00124475
2016-09-30,0.00027156
2016-10-01,0.00138898
2016-10-02,0.0008958
2016-10-03,0.0012513300000000002
2016-10-04,0.00024216
2016-10-05,15.00127304
2016-10-06,0.0002431
2016-10-07,0.0012499
2016-10-08,0.00156274
2016-10-09,0.00214026
2016-10-10,0.00020811
2016-10-11,0.00910625
2016-10-12,0.00153932
2016-10-13,0.00022137
2016-10-14,0.000219
2016-10-15,0.00204063
2016-10-16,0.00021949
2016-10-17,0.00022113
2016-10-18,0.0017144099999999998
2016-10-19,0.00088853
2016-10-20,0.00040616
2016-10-21,0.00163588
2016-10-22,0.00059728
2016-10-23,0.0009602300000000001
2016-10-24,4.46957763
2016-10-25,0.00070927
2016-10-26,0.00046822000000000004
2016-10-27,0.00221992
2016-10-28,0.00025432
2016-10-29,0.00239046
2016-10-30,0.00229504
2016-10-31,0.010736599999999999
2016-11-01,0.0014266300000000001
2016-11-02,0.00130441
2016-11-03,0.00073545
2016-11-04,0.00208362
2016-11-05,0.00053044
2016-11-06,0.0032374400000000003
2016-11-07,0.00178961
2016-11-08,0.0026352000000000003
2016-11-09,0.23393439
2016-11-10,0.00872238
2016-11-11,0.00157318
2016-11-12,0.00158052
2016-11-13,0.0019863499999999996
2016-11-14,0.00274611
2016-11-15,0.0020535
2016-11-16,0.00187741
2016-11-17,0.04177737
2016-11-18,0.0027361900000000003
2016-11-19,0.00235061
2016-11-20,0.013047709999999999
2016-11-21,0.009329269999999999
2016-11-22,0.0116573
2016-11-23,0.004361889999999999
2016-11-24,0.008063520000000001
2016-11-25,0.00182467
2016-11-26,0.0033002500000000002
2016-11-27,0.0021038
2016-11-28,0.01460292
2016-11-29,0.01598112
2016-11-30,0.01287162
2016-12-01,0.0
2016-12-02,0.00649209
2016-12-03,0.10182044999999999
2016-12-04,0.12022585999999999
2016-12-05,0.0047231700000000005
2016-12-06,0.006297489999999999
2016-12-07,0.00241562
2016-12-08,0.0035976800000000002
2016-12-09,0.09506047000000001
2016-12-10,0.11141987
2016-12-11,0.0024218499999999997
2016-12-12,0.01610065
2016-12-13,0.00541903
2016-12-14,0.00270674
2016-12-15,0.00320814
2016-12-16,0.29340404999999997
2016-12-17,0.08595876000000002
2016-12-18,0.01211828
2016-12-19,0.00223326
2016-12-20,0.01241176
2016-12-21,0.0651135
2016-12-22,0.15739743
2016-12-23,0.05644843
2016-12-24,0.00314265
2016-12-25,0.00218762
2016-12-26,0.016449520000000002
2016-12-27,0.00211921
2016-12-28,0.00422788
2016-12-29,0.00650249
2016-12-30,0.00476082
2016-12-31,0.19442699000000002
2017-01-01,0.00274739
2017-01-02,0.02876502
2017-01-03,0.00244281
2017-01-04,0.00291413
2017-01-05,8.006978360000002
2017-01-06,0.00344333
2017-01-07,0.025795240000000004
2017-01-08,0.03707012
2017-01-09,0.00494571
2017-01-10,0.0977864
2017-01-11,0.00356646
2017-01-12,0.012182450000000001
2017-01-13,0.005903759999999999
2017-01-14,0.0012075
2017-01-15,0.00152142
2017-01-16,0.01566861
2017-01-17,0.00197325
2017-01-18,0.01103692
2017-01-19,0.00138756
2017-01-20,54.245594170000004
2017-01-21,0.0034049600000000003
2017-01-22,0.0015336100000000004
2017-01-23,0.01036935
2017-01-24,0.01163175
2017-01-25,0.00241086
2017-01-26,0.036376290000000006
2017-01-27,0.0
2017-01-28,0.0039044400000000003
2017-01-29,0.0014148199999999998
2017-01-30,0.05592338
2017-01-31,0.1095686
2017-02-01,0.0016254000000000002
2017-02-02,0.0
2017-02-03,0.00280616
2017-02-04,8.599e-05
2017-02-05,0.00187303
2017-02-06,0.00351593
2017-02-07,0.01174183
2017-02-08,0.021946140000000003
2017-02-09,0.00134502
2017-02-10,0.00015034
2017-02-11,0.00358775
2017-02-12,0.00030709
2017-02-13,0.00137549
2017-02-14,0.0206351
2017-02-15,0.00488546
2017-02-16,0.025268199999999998
2017-02-17,0.0017930300000000001
2017-02-18,0.00396669
2017-02-19,0.01251158
2017-02-20,0.00367493
2017-02-21,0.00109288
2017-02-22,0.00021289
2017-02-23,0.00121256
2017-02-24,0.00579434
2017-02-25,0.00182553
2017-02-26,0.00165965
2017-02-27,0.00337318
2017-02-28,1.19262464
2017-03-01,1.8520606099999999
2017-03-02,0.00298373
2017-03-03,0.00535869
2017-03-04,0.0
2017-03-05,0.42178668
2017-03-06,0.00164156
2017-03-07,0.10472517
2017-03-08,0.00031576
2017-03-09,0.29712767000000007
2017-03-10,0.00453111
2017-03-11,0.00410946
2017-03-12,0.0
2017-03-13,0.10569848000000001
2017-03-14,0.00374563
2017-03-15,0.08159923
2017-03-16,0.0032229499999999996
2017-03-17,0.02606134
2017-03-18,0.00186781
2017-03-19,0.00927656
2017-03-20,0.25848735
2017-03-21,0.00725226
2017-03-22,0.00206359
2017-03-23,0.00419628
2017-03-24,0.013190349999999998
2017-03-25,0.13998296000000002
2017-03-26,0.00944708
2017-03-27,0.5012686
2017-03-28,0.00987492
2017-03-29,0.04350510999999999
2017-03-30,0.00218104
2017-03-31,0.0
2017-04-01,0.69272626
2017-04-02,0.0011359
2017-04-03,0.08503627999999999
2017-04-04,0.0
2017-04-05,0.00107947
2017-04-06,0.0
2017-04-07,0.0019215700000000003
2017-04-08,0.33784302
2017-04-09,0.3880455
2017-04-10,0.31168316
2017-04-11,6.591e-05
2017-04-12,0.0
2017-04-13,0.0
2017-04-14,0.10952317
2017-04-15,0.0
2017-04-16,0.0
2017-04-17,0.01096078
2017-04-18,5.7e-05
2017-04-19,0.00236784
2017-04-20,0.0
2017-04-21,0.00138427
2017-04-22,0.00847385
2017-04-23,0.02441584
2017-04-24,0.13669027
2017-04-25,0.00300616
2017-04-26,0.0054101800000000005
2017-04-27,0.00132475
2017-04-28,0.0
2017-04-29,0.034449110000000005
2017-04-30,0.009907029999999999
2017-05-01,9.66566143
2017-05-02,0.00158085
2017-05-03,0.00736848
2017-05-04,0.02732228
2017-05-05,0.0
2017-05-06,1.2398210399999998
2017-05-07,0.32054907
2017-05-08,0.10152131
2017-05-09,0.02843609
2017-05-10,0.0
2017-05-11,0.07305496
2017-05-12,0.00787566
2017-05-13,6.284307999999999
2017-05-14,0.023241689999999995
2017-05-15,0.00571084
2017-05-16,9.907e-05
2017-05-17,0.16875061
2017-05-18,5.128e-05
2017-05-19,0.11283
2017-05-20,0.33975974
2017-05-21,0.2174043
2017-05-22,2.36e-05
2017-05-23,0.041
2017-05-24,0.07202507
2017-05-25,0.0421208
2017-05-26,0.00397384
2017-05-27,0.04306341999999999
2017-05-28,0.0033814400000000003
2017-05-29,0.62537476
2017-05-30,0.07271657999999999
2017-05-31,0.044847
2017-06-01,0.00102434
2017-06-02,0.00104667
2017-06-03,0.089
2017-06-04,0.00992918
2017-06-05,0.00547383
2017-06-06,0.00021663
2017-06-07,40.07846305
2017-06-08,0.50731688
2017-06-09,0.00861211
2017-06-10,0.00165295
2017-06-11,1.808e-05
2017-06-12,0.11690951
2017-06-13,0.00222306
2017-06-14,0.00222233
2017-06-15,0.0033016499999999997
2017-06-16,0.014814240000000001
2017-06-17,0.00239422
2017-06-18,0.0033181699999999996
2017-06-19,0.20007659999999997
2017-06-20,1.0420920500000002
2017-06-21,0.0052026600000000004
2017-06-22,0.14736269999999999
2017-06-23,0.00255877
2017-06-24,0.20282376000000005
2017-06-25,0.0022224
2017-06-26,0.00961968
2017-06-27,0.5166040000000001
2017-06-28,0.00341131
2017-06-29,0.013150120000000001
2017-06-30,0.01215989
2017-07-01,0.0034445699999999997
2017-07-02,0.0033479799999999995
2017-07-03,0.00777518
2017-07-04,0.11341665000000001
2017-07-05,0.03063819
2017-07-06,0.00334758
2017-07-07,0.010653639999999999
2017-07-08,0.00625872
2017-07-09,0.00256389
2017-07-10,0.7535817000000002
2017-07-11,0.00858123
2017-07-12,0.02378011
2017-07-13,1.00263582
2017-07-14,0.01127071
2017-07-15,0.06208962
2017-07-16,0.0011091
2017-07-17,2.56739169
2017-07-18,0.0082235
2017-07-19,0.00765432
2017-07-20,0.8397612999999999
2017-07-21,0.33532993
2017-07-22,0.007601859999999999
2017-07-23,0.00127872
2017-07-24,0.00023744
2017-07-25,10.01166028
2017-07-26,0.0
2017-07-27,0.42555525
2017-07-28,1.82690713
2017-07-29,0.00177234
2017-07-30,1.12945537
2017-07-31,156.75645422
2017-08-01,0.0204
2017-08-02,0.00010047
2017-08-03,0.06067058
2017-08-04,0.008507019999999999
2017-08-05,0.15248764
2017-08-06,0.19821018999999998
2017-08-07,0.041617
2017-08-08,0.06518859
2017-08-09,0.32414444
2017-08-10,0.11414692000000001
2017-08-11,0.46931606000000003
2017-08-12,0.19607402
2017-08-13,1.0083609899999997
2017-08-14,0.0056837699999999994
2017-08-15,0.047334009999999996
2017-08-16,0.13431663
2017-08-17,0.06086413
2017-08-18,0.01187967
2017-08-19,3.1586032
2017-08-20,27.28832105
2017-08-21,0.00252504
2017-08-22,6.004526000000001
2017-08-23,2.6076001599999996
2017-08-24,0.13113238
2017-08-25,0.14836451999999997
2017-08-26,0.26202394
2017-08-27,0.038173059999999995
2017-08-28,0.020688250000000002
2017-08-29,2.12124516
2017-08-30,0.019794020000000002
2017-08-31,0.37090717
2017-09-01,0.5881276099999999
2017-09-02,0.43321155
2017-09-03,0.21075521
2017-09-04,0.76691494
2017-09-05,300.3554472
2017-09-06,0.0512284
2017-09-07,0.01294767
2017-09-08,0.28099613
2017-09-09,23.22858514
2017-09-10,0.08239379999999999
2017-09-11,0.7724805199999999
2017-09-12,1.1936838599999997
2017-09-13,1.90257225
2017-09-14,0.43166213000000003
2017-09-15,0.45473163
2017-09-16,0.6830165300000001
2017-09-17,0.03356696
2017-09-18,0.048280870000000004
2017-09-19,0.17002989999999998
2017-09-20,0.32834184000000005
2017-09-21,0.45878417000000005
2017-09-22,0.65581077
2017-09-23,0.39826494
2017-09-24,0.06538815
2017-09-25,0.02390742
2017-09-26,0.4932827799999999
2017-09-27,0.3169133
2017-09-28,0.29587411999999996
2017-09-29,1.2301814800000002
2017-09-30,0.5328177300000001
2017-10-01,4.409683660000001
2017-10-02,1.71506837
2017-10-03,0.021573429999999998
2017-10-04,0.032029209999999995
2017-10-05,0.05055776000000001
2017-10-06,0.98562015
2017-10-07,0.71311065
2017-10-08,1.0279020400000003
2017-10-09,1.4104801200000001
2017-10-10,0.13869785
2017-10-11,0.75051515
2017-10-12,0.00268426
2017-10-13,2.47738556
2017-10-14,0.07918211000000001
2017-10-15,12.95435995
2017-10-16,0.72464487
2017-10-17,36.26788979
2017-10-18,2.416180410000001
2017-10-19,0.01024839
2017-10-20,8.02861921
2017-10-21,0.08940479
2017-10-22,2.1658880500000004
2017-10-23,23.19271194
2017-10-24,7.3005168199999995
2017-10-25,0.00970053
2017-10-26,0.15450056
2017-10-27,0.22555723
2017-10-28,0.49902504
2017-10-29,0.009355539999999999
2017-10-30,1.1680207699999998
2017-10-31,2.73736158
2017-11-01,0.12339262000000002
2017-11-02,0.8129333700000001
2017-11-03,1.1024942299999998
2017-11-04,1.7489682000000002
2017-11-05,1.2331412099999999
2017-11-06,0.10853612000000001
2017-11-07,1.62326471
2017-11-08,8.789914579999998
2017-11-09,0.15460385
2017-11-10,1.5747059200000002
2017-11-11,0.07135597
2017-11-12,0.7074348999999999
2017-11-13,1.75386418
2017-11-14,1.39431739
2017-11-15,1.3222844699999998
2017-11-16,0.7664674
2017-11-17,2.53433432
2017-11-18,12.963557300000002
2017-11-19,1.75905022
2017-11-20,0.5706930000000001
2017-11-21,26.07101985
2017-11-22,0.66447158
2017-11-23,0.48707438999999997
2017-11-24,0.01689871
2017-11-25,0.6321805599999999
2017-11-26,0.66017948
2017-11-27,7.374113070000002
2017-11-28,14.03412311
2017-11-29,7.494752659999999
2017-11-30,4.337929549999999
2017-12-01,2.1115696600000002
2017-12-02,12.171634999999998
2017-12-03,1.5712581700000001
2017-12-04,0.24297354999999998
2017-12-05,0.17783605
2017-12-06,2.9420403700000004
2017-12-07,1.7214505900000001
2017-12-08,2.5365933400000005
2017-12-09,4.34002512
2017-12-10,0.11366400999999998
2017-12-11,2.73803056
2017-12-12,1.04040422
2017-12-13,4.564266889999999
2017-12-14,0.61384113
2017-12-15,1.05508654
2017-12-16,29.83590446
2017-12-17,4.36338251
2017-12-18,10.16274163
2017-12-19,2.77698776
2017-12-20,1.55081137
2017-12-21,1.7892422700000001
2017-12-22,37.64552744
2017-12-23,4.63900123
2017-12-24,61.34832996
2017-12-25,2.2320244199999997
2017-12-26,0.05956231
2017-12-27,9.07051497
2017-12-28,1.2089572900000005
2017-12-29,1.04464393
2017-12-30,0.14363383
2017-12-31,2.71870373
2018-01-01,0.19680841000000002
2018-01-02,4.4661212599999995
2018-01-03,3.51557326
2018-01-04,2.9284817500000004
2018-01-05,5.8707854600000005
2018-01-06,6.263266809999999
2018-01-07,6.097887879999999
2018-01-08,6.3593066899999995
2018-01-09,1.5927442399999998
2018-01-10,7.971758459999999
2018-01-11,1.0124199
2018-01-12,1.03473986
2018-01-13,7.815555590000001
2018-01-14,1.5274409
2018-01-15,2.22661955
2018-01-16,1.88276683
2018-01-17,4.06988959
2018-01-18,2.5061806700000004
2018-01-19,0.55293931
2018-01-20,6.28314371
2018-01-21,3.0564382499999994
2018-01-22,1.68811435
2018-01-23,1.2150959700000001
2018-01-24,2.74326495
2018-01-25,0.45956033
2018-01-26,0.17071631000000004
2018-01-27,7.474184479999999
2018-01-28,2.0140548999999996
2018-01-29,0.26029734
2018-01-30,2.02290495
2018-01-31,0.21065133000000003
2018-02-01,0.9238185000000001
2018-02-02,6.059694680000001
2018-02-03,1.2162448
2018-02-04,9.10829953
2018-02-05,0.10190253999999999
2018-02-06,4.2325371800000005
2018-02-07,8.17306746
2018-02-08,1.42058425
2018-02-09,0.8349986
2018-02-10,1.3797431400000002
2018-02-11,2.0586235200000003
2018-02-12,0.29179677
2018-02-13,0.40710923
2018-02-14,1.8243076799999998
2018-02-15,14.286284610000001
2018-02-16,0.22932101000000002
2018-02-17,2.65694904
2018-02-18,3.8445743499999994
2018-02-19,3.53916935
2018-02-20,2.8953448599999994
2018-02-21,0.64068448
2018-02-22,52.68857649
2018-02-23,0.68967907
2018-02-24,1.70694149
2018-02-25,7.3695691199999995
2018-02-26,0.33174826
2018-02-27,11.57507836
2018-02-28,0.56575385
2018-03-01,1.45660974
2018-03-02,14.31450595
2018-03-03,1.04000841
2018-03-04,1.4986417300000001
2018-03-05,2.3104028399999996
2018-03-06,3.23460734
2018-03-07,5.390716869999999
2018-03-08,2.84947905
2018-03-09,1.1220438
2018-03-10,5.7663497900000005
2018-03-11,0.009660019999999998
2018-03-12,1.4653591399999997
2018-03-13,0.9595801300000001
2018-03-14,1.31203095
2018-03-15,1.3652658400000002
2018-03-16,0.25338943
2018-03-17,0.32305137
2018-03-18,0.9944120199999998
2018-03-19,2.28584275
2018-03-20,0.4027652
2018-03-21,1999.2135883800001
2018-03-22,0.6348693000000001
2018-03-23,2.43786316
2018-03-24,0.48138405
2018-03-25,0.68952409
2018-03-26,0.3801218
2018-03-27,0.6267852899999999
2018-03-28,1.11175424
2018-03-29,0.30880567000000003
2018-03-30,1.08172973
2018-03-31,0.48484440000000006
2018-04-01,3.18551652
2018-04-02,6.493590469999999
2018-04-03,2.90257562
2018-04-04,1.00921175
2018-04-05,1.3278666000000001
2018-04-06,0.6046274500000001
2018-04-07,0.3790472200000001
2018-04-08,0.05785494
2018-04-09,2.24289634
2018-04-10,2.1445424600000003
2018-04-11,10.53493697
2018-04-12,0.54838276
2018-04-13,0.46789022999999996
2018-04-14,1.0378368199999999
2018-04-15,0.02956752
2018-04-16,0.31225594
2018-04-17,4.85195057
2018-04-18,0.08630360000000001
2018-04-19,2.3148537300000007
2018-04-20,0.34724611
2018-04-21,0.27073302999999993
2018-04-22,0.62659848
2018-04-23,0.74003475
2018-04-24,0.27900435
2018-04-25,2.3261852299999997
2018-04-26,80.52523182
2018-04-27,0.09734451999999999
2018-04-28,1.4253636500000002
2018-04-29,2.0286266299999998
2018-04-30,0.53464446
2018-05-01,2.94698462
2018-05-02,10.10097359
2018-05-03,22.74709674
2018-05-04,0.49231231000000003
2018-05-05,2.25039115
2018-05-06,0.7613530100000001
2018-05-07,1.65651427
2018-05-08,0.13437603
2018-05-09,0.78749099
2018-05-10,2.73697416
2018-05-11,0.25585495999999996
2018-05-12,0.10093162999999998
2018-05-13,0.01873843
2018-05-14,2.25639314
2018-05-15,2.4106132799999997
2018-05-16,0.09401792
2018-05-17,0.60486722
2018-05-18,0.68066437
2018-05-19,8.231690539999999
2018-05-20,2.75480973
2018-05-21,0.58063215
2018-05-22,0.20691877
2018-05-23,0.93562875
2018-05-24,5.26581572
2018-05-25,1.1219214499999999
2018-05-26,1.4085940899999998
2018-05-27,2.1793747
2018-05-28,0.60003732
2018-05-29,0.55746371
2018-05-30,0.07278829
2018-05-31,0.25958141
2018-06-01,0.34393433999999995
2018-06-02,0.24200148
2018-06-03,0.6030008099999999
2018-06-04,2.2430544800000005
2018-06-05,0.44213336
2018-06-06,0.42027504
2018-06-07,0.11334447
2018-06-08,0.22283203999999998
2018-06-09,0.24320604
2018-06-10,0.75445303
2018-06-11,0.72012507
2018-06-12,0.11098419
2018-06-13,0.6720831300000001
2018-06-14,0.17358946
2018-06-15,0.37139474000000006
2018-06-16,1.1398049499999998
2018-06-17,0.15612602
2018-06-18,1.17546576
2018-06-19,0.12991129
2018-06-20,2.6206314700000006
2018-06-21,1.8152954
2018-06-22,0.11395902
2018-06-23,0.31246381000000006
2018-06-24,3.09367267
2018-06-25,4.630881939999999
2018-06-26,4.16026383
2018-06-27,1.8013085500000001
2018-06-28,0.23715845
2018-06-29,0.36910557
2018-06-30,1.2716533400000003
2018-07-01,0.8513293399999999
2018-07-02,0.5447086
2018-07-03,0.4458486
2018-07-04,3.16367531
2018-07-05,0.24332949999999998
2018-07-06,2.10835429
2018-07-07,0.35842532
2018-07-08,0.1105366
2018-07-09,0.33688673999999996
2018-07-10,0.08137345
2018-07-11,0.32270954
2018-07-12,7.21841071
2018-07-13,0.38785232000000003
2018-07-14,0.17671028000000003
2018-07-15,0.97982659
2018-07-16,0.09168351
2018-07-17,0.22224180000000002
2018-07-18,0.27133738
2018-07-19,1.4764001900000001
2018-07-20,0.51182075
2018-07-21,0.42839985999999997
2018-07-22,1.100151
2018-07-23,25.90590487
2018-07-24,1.52520219
2018-07-25,26.85542123
2018-07-26,1.41943059
2018-07-27,3.93974573
2018-07-28,0.48783922999999996
2018-07-29,3.15669992
2018-07-30,1.2901381699999999
2018-07-31,2.1735162799999994
2018-08-01,1.4180304
2018-08-02,0.22428479
2018-08-03,0.24342759000000003
2018-08-04,7.495135830000001
2018-08-05,0.9795499299999999
2018-08-06,2.1634086400000005
2018-08-07,2.1747832700000003
2018-08-08,2.1765529500000005
2018-08-09,8.373534390000001
2018-08-10,4.67877262
2018-08-11,6.063039590000001
2018-08-12,1.51880088
2018-08-13,5.9166099899999995
2018-08-14,5.39745989
2018-08-15,8.431854709999996
2018-08-16,0.5199437499999999
2018-08-17,0.17794345
2018-08-18,0.35465325
2018-08-19,0.11194962
2018-08-20,0.74923875
2018-08-21,1.1657567699999998
2018-08-22,5.056036590000001
2018-08-23,1.7267242800000002
2018-08-24,2.0775267900000003
2018-08-25,0.54434549
2018-08-26,0.9404407999999999
2018-08-27,0.4992707800000001
2018-08-28,0.36780327999999995
2018-08-29,4.8233287
2018-08-30,0.40274405
2018-08-31,0.4452811199999999
2018-09-01,3.3178987200000005
2018-09-02,0.70765469
2018-09-03,0.37523688999999993
2018-09-04,4.747393890000001
2018-09-05,7.24531502
2018-09-06,13.71195609
2018-09-07,2.0886795400000002
2018-09-08,8.91612763
2018-09-09,0.35112976
2018-09-10,0.75428669
2018-09-11,1.14289006
2018-09-12,0.30571780000000004
2018-09-13,0.48733325999999993
2018-09-14,0.28881593000000005
2018-09-15,0.63391207
2018-09-16,1.00338802
2018-09-17,0.5272006699999999
2018-09-18,0.58529104
2018-09-19,0.6087703800000002
2018-09-20,0.32757048
2018-09-21,0.29655436999999996
2018-09-22,0.64226248
2018-09-23,0.35371769
2018-09-24,0.49454836
2018-09-25,0.40618914000000006
2018-09-26,0.57377502
2018-09-27,0.95907563
2018-09-28,0.6551760900000001
2018-09-29,0.26630253000000004
2018-09-30,0.80852106
2018-10-01,0.66385357
2018-10-02,0.6314556200000001
2018-10-03,0.7212156899999999
2018-10-04,0.4962746999999999
2018-10-05,5.301325899999999
2018-10-06,0.28002789999999994
2018-10-07,0.36686603000000007
2018-10-08,0.33844358999999996
2018-10-09,0.26219798
2018-10-10,3.07668507
2018-10-11,2.5093016599999998
2018-10-12,0.27963061000000006
2018-10-13,1.2783486799999997
2018-10-14,0.28068113
2018-10-15,0.94796953
2018-10-16,0.35993363999999994
2018-10-17,0.4572498199999998
2018-10-18,2.68819344
2018-10-19,1.6691312499999997
2018-10-20,0.56117067
2018-10-21,0.28416198000000004
2018-10-22,0.6083434000000001
2018-10-23,1.1878304800000001
2018-10-24,0.46018889999999996
2018-10-25,1.4714929000000003
2018-10-26,0.5299394000000001
2018-10-27,0.24717237
2018-10-28,4.06189677
2018-10-29,0.40684637999999995
2018-10-30,0.7305299999999998
2018-10-31,0.9713775800000001
2018-11-01,0.24995821999999998
2018-11-02,0.4629869999999999
2018-11-03,0.24164618000000004
2018-11-04,0.5027121999999999
2018-11-05,0.29925065
2018-11-06,1.4920752700000002
2018-11-07,0.14650430999999997
2018-11-08,13.47755259
2018-11-09,5.30906106
2018-11-10,1.0062036199999997
2018-11-11,0.49407601999999995
2018-11-12,0.4591711600000001
2018-11-13,0.8746305600000002
2018-11-14,1.9659739500000002
2018-11-15,6.83573235
2018-11-16,0.6356434199999998
2018-11-17,0.90674681
2018-11-18,1.0084586199999996
2018-11-19,1.3331889799999996
2018-11-20,1.3190470200000002
2018-11-21,0.8676335500000001
2018-11-22,8.08542357
2018-11-23,0.48106097999999997
2018-11-24,0.40971986
2018-11-25,2.3731944000000005
2018-11-26,0.67879188
2018-11-27,0.26385389
2018-11-28,10.22874093
2018-11-29,0.69982284
2018-11-30,9.3947895
2018-12-01,2.33440799
2018-12-02,2.00873934
2018-12-03,0.28108316
2018-12-04,0.15238216
2018-12-05,0.58793811
2018-12-06,0.56213081
2018-12-07,0.75752814
2018-12-08,0.04285117999999999
2018-12-09,0.06876483
2018-12-10,0.40883108000000007
2018-12-11,0.24528103
2018-12-12,0.21673203000000005
2018-12-13,0.43680112
2018-12-14,0.20650024
2018-12-15,0.3527043
2018-12-16,0.13825996000000002
2018-12-17,4.29597074
2018-12-18,0.7504179999999998
2018-12-19,0.53347564
2018-12-20,2.81631589
2018-12-21,0.30053183999999994
2018-12-22,0.27156998
2018-12-23,0.36902352
2018-12-24,1.9104294599999996
2018-12-25,0.2308303
2018-12-26,0.46629772999999997
2018-12-27,0.14627009000000002
2018-12-28,0.57832638
2018-12-29,0.11876445
2018-12-30,0.70919281
2018-12-31,0.22200249
2019-01-01,0.27387859999999997
2019-01-02,0.64025258
2019-01-03,0.8163286799999999
2019-01-04,0.30988071
2019-01-05,14.899827949999999
2019-01-06,0.66796012
2019-01-07,0.86769354
2019-01-08,2.4533906400000007
2019-01-09,0.29974981
2019-01-10,0.9153014200000001
2019-01-11,3.87769602
2019-01-12,0.29765343000000005
2019-01-13,0.21280711
2019-01-14,0.6956763799999999
2019-01-15,0.15982308000000003
2019-01-16,0.50059675
2019-01-17,0.23025345000000003
2019-01-18,1.6879089799999996
2019-01-19,1.0391798600000002
2019-01-20,0.46023726
2019-01-21,0.39349335
2019-01-22,1.7830131900000001
2019-01-23,0.6039229699999998
2019-01-24,0.8194190799999999
2019-01-25,0.8873825200000001
2019-01-26,0.41987730999999995
2019-01-27,0.19348893
2019-01-28,0.7795986300000001
2019-01-29,0.36835946
2019-01-30,0.14011118
2019-01-31,0.7142724199999999
2019-02-01,8.177733629999999
2019-02-02,1.5373467100000002
2019-02-03,0.9219913699999999
2019-02-04,0.48455798
2019-02-05,0.21031165
2019-02-06,0.8895601699999999
2019-02-07,0.32505241
2019-02-08,1.56053521
2019-02-09,2.8262006200000003
2019-02-10,1.8297690600000003
2019-02-11,0.09000753000000002
2019-02-12,0.14466031999999998
2019-02-13,0.9527077899999999
2019-02-14,0.52898096
2019-02-15,0.72929006
2019-02-16,1.10408369
2019-02-17,1.4192874800000002
2019-02-18,0.32536362
2019-02-19,0.58292844
2019-02-20,3.10440985
2019-02-21,0.6513146
2019-02-22,0.96585488
2019-02-23,1.18327332
2019-02-24,4.45886716
2019-02-25,10.609820299999999
2019-02-26,21.507191459999994
2019-02-27,4.47667832
2019-02-28,2004.33885135
2019-03-01,0.7945114000000002
2019-03-02,1.6669018899999999
2019-03-03,0.45411387999999997
2019-03-04,5.17147559
2019-03-05,0.29670307
2019-03-06,0.40952596999999996
2019-03-07,1.7597699800000002
2019-03-08,3.0395287700000004
2019-03-09,4.249002570000001
2019-03-10,0.6079767500000001
2019-03-11,0.32261152
2019-03-12,0.8589981999999999
2019-03-13,0.6496491400000002
2019-03-14,0.5125089999999998
2019-03-15,0.35306353999999995
2019-03-16,0.3475730700000001
2019-03-17,0.7688558700000001
2019-03-18,4.85251489
2019-03-19,4.0752948899999994
2019-03-20,3.1844889899999993
2019-03-21,1.6767117599999999
2019-03-22,0.6626455299999999
2019-03-23,0.22424866000000002
2019-03-24,1.0136195099999998
2019-03-25,1.8986079200000001
2019-03-26,7.062471680000001
2019-03-27,0.35912168999999994
2019-03-28,0.47094643
2019-03-29,0.53282684
2019-03-30,3.8337197299999994
2019-03-31,0.26056967000000003
2019-04-01,2.38645519
2019-04-02,11.15423248
2019-04-03,13.273100140000002
2019-04-04,0.44325280000000006
2019-04-05,3.7977438500000003
2019-04-06,1.96242936
2019-04-07,2.36636932
2019-04-08,325.58694941000005
2019-04-09,1.42174533
2019-04-10,1.86550455
2019-04-11,1.8486176399999998
2019-04-12,1.6033415400000002
2019-04-13,5.22212471
2019-04-14,0.4170216199999999
2019-04-15,5.22228298
2019-04-16,3.6872935100000004
2019-04-17,2.59652961
2019-04-18,0.51257642
2019-04-19,19.374634800000003
2019-04-20,1.9844852200000005
2019-04-21,0.13841967
2019-04-22,0.49961984
2019-04-23,0.29797530000000005
2019-04-24,0.2632362099999999
2019-04-25,0.17277625000000002
2019-04-26,11.19846176
2019-04-27,2.0355413500000004
2019-04-28,0.31352958
2019-04-29,0.9686747499999999
2019-04-30,0.4759014999999999
2019-05-01,3.935298170000001
2019-05-02,0.49889442
2019-05-03,4.61675368
2019-05-04,2.4786182799999996
2019-05-05,0.31500981000000006
2019-05-06,3.2307651299999995
2019-05-07,1.0811986199999999
2019-05-08,615.2868307800003
2019-05-09,0.7885277599999998
2019-05-10,3.8057696099999996
2019-05-11,4.5749688499999985
2019-05-12,1.2096439899999998
2019-05-13,3.31410997
2019-05-14,157.3148019300001
2019-05-15,1.9368916799999998
2019-05-16,5.8442494400000005
2019-05-17,4.80573987
2019-05-18,1.7449501099999998
2019-05-19,1.1616290700000003
2019-05-20,2.0547866100000003
2019-05-21,0.7074634299999999
2019-05-22,0.88444567
2019-05-23,3.475749720000001
2019-05-24,15.929225449999999
2019-05-25,0.55960404
2019-05-26,10.3251809
2019-05-27,1.7018571999999998
2019-05-28,8.420938930000002
2019-05-29,4.687284740000001
2019-05-30,35.91719485
2019-05-31,5.88362861
2019-06-01,7.277935869999999
2019-06-02,3.6168866900000003
2019-06-03,6.37091229
2019-06-04,1.3502467200000006
2019-06-05,5.82332766
2019-06-06,102.66242960999998
2019-06-07,2.7425770600000003
2019-06-08,2.8112337399999996
2019-06-09,1.6851750499999998
2019-06-10,1.22724436
2019-06-11,1.06241009
2019-06-12,0.5783386699999999
2019-06-13,0.3931967699999999
2019-06-14,8.734023149999999
2019-06-15,3.0516184499999994
2019-06-16,9.22916162
2019-06-17,4.841509209999999
2019-06-18,1.6299548400000001
2019-06-19,1.5207436800000003
2019-06-20,1.2807132899999998
2019-06-21,25.057687849999997
2019-06-22,8.966702739999997
2019-06-23,6.48273864
2019-06-24,1.74902248
2019-06-25,23.691003749999993
2019-06-26,29.910137690000006
2019-06-27,47.72795702000002
2019-06-28,24.10327362
2019-06-29,628.8572973299999
2019-06-30,5.132086419999999
2019-07-01,3.5294915499999986
2019-07-02,26.83705901
2019-07-03,4.968745939999999
2019-07-04,4.78891102
2019-07-05,5.149810390000001
2019-07-06,1.3181066200000002
2019-07-07,4.64368549
2019-07-08,2.76467345
2019-07-09,50.85199223
2019-07-10,22.902321650000008
2019-07-11,8.19047923
2019-07-12,16.751568009999996
2019-07-13,3.3358448399999996
2019-07-14,2.55773979
2019-07-15,4.00431115
2019-07-16,9.616622070000002
2019-07-17,4.10764591
2019-07-18,4.898020229999999
2019-07-19,1.17617742
2019-07-20,9.824214549999999
2019-07-21,9.369467840000002
2019-07-22,5.459844720000001
2019-07-23,12.09093755
2019-07-24,2.6285838299999997
2019-07-25,3.2336066100000003
2019-07-26,1.9636989299999992
2019-07-27,3.588492019999999
2019-07-28,2.97758917
2019-07-29,2.4463442700000004
2019-07-30,2.41378887
2019-07-31,19.28177329
2019-08-01,2.7620734199999997
2019-08-02,3.660803120000001
2019-08-03,4.209723430000001
2019-08-04,12.10236862
2019-08-05,209.51453893999997
2019-08-06,5.762146630000001
2019-08-07,11.922547629999999
2019-08-08,345.58179829000005
2019-08-09,14.95187791
2019-08-10,3.2451327799999996
2019-08-11,2.43235647
2019-08-12,1.06232607
2019-08-13,1.1869709400000001
2019-08-14,11.501141129999999
2019-08-15,14.394165449999997
2019-08-16,0.3737465200000001
2019-08-17,1.9253631900000001
2019-08-18,0.70103825
2019-08-19,10.935686530000002
2019-08-20,1.4228265100000002
2019-08-21,1.9869660999999998
2019-08-22,5.729866519999999
2019-08-23,6.49909482
2019-08-24,1.5374016700000002
2019-08-25,1.7548666400000001
2019-08-26,1.32924835
2019-08-27,6.10117573
2019-08-28,2.2923989399999996
2019-08-29,4.89676871
2019-08-30,21.936881479999993
2019-08-31,0.88728545
2019-09-01,1.8807861899999998
2019-09-02,503.23839846000004
2019-09-03,3.8391091799999986
2019-09-04,3.817023830000001
2019-09-05,36.052603949999984
2019-09-06,4.860866679999998
2019-09-07,5.10526004
2019-09-08,0.93719113
2019-09-09,32.856652000000004
2019-09-10,1.4247259900000002
2019-09-11,10.925429699999999
2019-09-12,5.097080390000001
2019-09-13,17.756398809999997
2019-09-14,11.408349070000002
2019-09-15,5.33083906
2019-09-16,72.92457163
2019-09-17,0.6873435299999999
2019-09-18,6.281835789999999
2019-09-19,3.09750519
2019-09-20,1.0973392100000003
2019-09-21,1.3302925399999996
2019-09-22,2.2912146600000005
2019-09-23,13.439763869999998
2019-09-24,3.08147216
2019-09-25,4.654816630000001
2019-09-26,2.19275655
2019-09-27,3.475975850000001
2019-09-28,3.08791
2019-09-29,0.47538242999999997
2019-09-30,3.0336271999999993
2019-10-01,7.692954149999999
2019-10-02,3.0467572600000006
2019-10-03,0.8919356599999998
2019-10-04,2.62945351
2019-10-05,1.1991175399999996
2019-10-06,0.5143601599999998
2019-10-07,1.65401442
2019-10-08,1.94038958
2019-10-09,22.080093489999996
2019-10-10,1.05008648
2019-10-11,25.805169380000002
2019-10-12,22.601752300000005
2019-10-13,5.306571980000002
2019-10-14,1.3002536400000002
2019-10-15,4.615817310000003
2019-10-16,25.80520679
2019-10-17,0.6406355300000001
2019-10-18,140.10271990000004
2019-10-19,13.576101590000002
2019-10-20,6.72528392
2019-10-21,2.66089004
2019-10-22,15.74834465
2019-10-23,4.46767687
2019-10-24,8.247827559999998
2019-10-25,8.58808494
2019-10-26,10.679659720000002
2019-10-27,2.0738261999999996
2019-10-28,10.943810120000002
2019-10-29,3.85020207
2019-10-30,3.6990533800000005
2019-10-31,3.1090179800000013
2019-11-01,811.88227536
2019-11-02,7.23472165
2019-11-03,4.64507922
2019-11-04,4.10268744
2019-11-05,4.4917050099999996
2019-11-06,8.051881719999999
2019-11-07,3.37383583
2019-11-08,2.7563465799999998
2019-11-09,2.0319711
2019-11-10,3.0546632399999996
2019-11-11,3.6599225100000004
2019-11-12,1.5358812400000004
2019-11-13,1.6009429499999994
2019-11-14,3.1371597
2019-11-15,2.1014644400000004
2019-11-16,4.1729569799999995
2019-11-17,3.0249558000000003
2019-11-18,2.8230548500000006
2019-11-19,31.133169590000005
2019-11-20,1.08034431
2019-11-21,15.01647647
2019-11-22,7.682880310000001
2019-11-23,18.178946870000004
2019-11-24,21.06562252
2019-11-25,2.87523731
2019-11-26,2.09696771
2019-11-27,10.416241959999999
2019-11-28,709.9414749700001
2019-11-29,12.77941986999999
2019-11-30,43.652572479999996
2019-12-01,5.979190570000001
2019-12-02,8.630707850000002
2019-12-03,5.919416599999998
2019-12-04,88.82849616000003
2019-12-05,2.3013761399999995
2019-12-06,1.61066047
2019-12-07,5.796087199999999
2019-12-08,15.309967890000001
2019-12-09,3.2396438100000005
2019-12-10,26.369617670000004
2019-12-11,9.936875690000004
2019-12-12,1.7266511999999996
2019-12-13,2.29902947
2019-12-14,0.9624579100000001
2019-12-15,5.766518609999998
2019-12-16,29.15231151000001
2019-12-17,4.713159139999999
2019-12-18,9.02923886
2019-12-19,68.55140587999998
2019-12-20,1.8783059999999998
2019-12-21,109.89109656999999
2019-12-22,7.983966669999997
2019-12-23,2.03145629
2019-12-24,12.105537719999994
2019-12-25,6.581330409999998
2019-12-26,3.3815777000000002
2019-12-27,18.0812723
2019-12-28,2.8225251199999994
2019-12-29,12.086926570000001
2019-12-30,10.036525909999996
2019-12-31,11.071217239999998
2020-01-01,3.86903918
2020-01-02,5.117287020000002
2020-01-03,4.61618218
2020-01-04,36.75484426000001
2020-01-05,8.904733660000002
2020-01-06,2.5963476199999973
2020-01-07,15.544573730000002
2020-01-08,44.99778646000001
2020-01-09,4.39210194
2020-01-10,3.32682022
2020-01-11,7.5129649999999994
2020-01-12,349.33334702999986
2020-01-13,3.113928630000001
2020-01-14,12.869663760000002
2020-01-15,0.0
2020-01-16,0.0
2020-01-17,0.0
2020-01-18,0.0
2020-01-19,0.0
2020-01-20,0.0
2020-01-21,0.0
2020-01-22,0.0
2020-01-23,0.0
2020-01-24,0.0
2020-01-25,0.0
2020-01-26,0.0
2020-01-27,0.0
2020-01-28,0.0
2020-01-29,0.0
2020-01-30,0.0
2020-01-31,0.0
2020-02-01,0.0
2020-02-02,0.0
2020-02-03,0.0
2020-02-04,0.0
2020-02-05,0.0
2020-02-06,0.0
2020-02-07,0.0
2020-02-08,0.0
2020-02-09,0.0
2020-02-10,0.0
2020-02-11,0.0
2020-02-12,0.0
2020-02-13,0.0
2020-02-14,0.0
2020-02-15,0.0
2020-02-16,0.0
2020-02-17,0.0
2020-02-18,0.0
2020-02-19,0.0
2020-02-20,0.0
2020-02-21,0.0
2020-02-22,0.0
2020-02-23,0.0
2020-02-24,0.0
2020-02-25,0.0
2020-02-26,0.0
2020-02-27,0.0
2020-02-28,0.0
2020-02-29,0.0
2020-03-01,0.0
2020-03-02,0.0
2020-03-03,0.0
2020-03-04,0.0
2020-03-05,0.0
2020-03-06,0.0
2020-03-07,0.0
2020-03-08,0.0
2020-03-09,0.0
2020-03-10,0.0
2020-03-11,0.0
2020-03-12,0.0
2020-03-13,0.0
2020-03-14,0.0
2020-03-15,0.0
2020-03-16,0.0
2020-03-17,0.0
2020-03-18,0.0
2020-03-19,0.0
2020-03-20,0.0
2020-03-21,0.0
2020-03-22,0.0
2020-03-23,0.0
2020-03-24,0.0
2020-03-25,0.0
2020-03-26,0.0
2020-03-27,0.0
2020-03-28,0.0
2020-03-29,0.0
2020-03-30,0.0
2020-03-31,0.0
2020-04-01,0.0
2020-04-02,0.0
2020-04-03,0.0
2020-04-04,0.0
2020-04-05,0.0
2020-04-06,0.0
2020-04-07,0.0
2020-04-08,0.0
2020-04-09,0.0
2020-04-10,0.0
2020-04-11,0.0
2020-04-12,0.0
2020-04-13,0.0
2020-04-14,0.0
2020-04-15,0.0
2020-04-16,0.0
2020-04-17,0.0
2020-04-18,0.0
2020-04-19,0.0
2020-04-20,0.0
2020-04-21,0.0
2020-04-22,0.0
2020-04-23,0.0
2020-04-24,0.0
2020-04-25,0.0
2020-04-26,0.0
2020-04-27,0.0
2020-04-28,0.0
2020-04-29,0.0
2020-04-30,0.0
2020-05-01,0.0
2020-05-02,0.0
2020-05-03,0.0
2020-05-04,0.0
2020-05-05,0.0
2020-05-06,0.0
2020-05-07,0.0
2020-05-08,0.0
2020-05-09,0.0
2020-05-10,0.0
2020-05-11,0.0
2020-05-12,0.0
2020-05-13,0.0
2020-05-14,0.0
2020-05-15,0.0
2020-05-16,0.0
2020-05-17,0.0
2020-05-18,0.0
2020-05-19,0.0
2020-05-20,0.0
2020-05-21,0.0
2020-05-22,0.0
2020-05-23,0.0
2020-05-24,0.0
2020-05-25,0.0
2020-05-26,0.0
2020-05-27,0.0
2020-05-28,0.0
2020-05-29,0.0
2020-05-30,0.0
2020-05-31,0.0
2020-06-01,0.0
2020-06-02,0.0
2020-06-03,0.0
2020-06-04,0.0
2020-06-05,0.0
2020-06-06,0.0
2020-06-07,0.0
2020-06-08,0.0
2020-06-09,0.0
2020-06-10,0.0
2020-06-11,0.0
2020-06-12,0.0
2020-06-13,0.0
2020-06-14,0.0
2020-06-15,0.0
2020-06-16,0.0
2020-06-17,0.0
2020-06-18,0.0
2020-06-19,0.0
2020-06-20,0.0
2020-06-21,0.0
2020-06-22,0.0
2020-06-23,0.0
2020-06-24,0.0
2020-06-25,0.0
2020-06-26,0.0
2020-06-27,0.0
2020-06-28,0.0
2020-06-29,0.0
2020-06-30,0.0
2020-07-01,0.0
2020-07-02,0.0
2020-07-03,0.0
2020-07-04,0.0
2020-07-05,0.0
2020-07-06,0.0
2020-07-07,0.0
2020-07-08,0.0
2020-07-09,0.0
2020-07-10,0.0
2020-07-11,0.0
2020-07-12,0.0
2020-07-13,0.0
2020-07-14,0.0
2020-07-15,0.0
2020-07-16,0.0
2020-07-17,0.0
2020-07-18,0.0
2020-07-19,0.0
2020-07-20,0.0
2020-07-21,0.0
2020-07-22,0.0
2020-07-23,0.0
2020-07-24,0.0
2020-07-25,0.0
2020-07-26,0.0
2020-07-27,0.0
2020-07-28,0.0
2020-07-29,0.0
2020-07-30,0.0
2020-07-31,0.0
2020-08-01,0.0
2020-08-02,0.0
2020-08-03,0.0
